max_depth,learning_rate,subsample,colsample_bytree,min_child_weight,val_mae,test_mae,test_r2,trees
3,0.005,0.6,0.6,1,9.54385757446289,9.583728790283203,0.3636590838432312,999
3,0.005,0.6,0.6,3,9.543656349182129,9.58420467376709,0.36349713802337646,997
3,0.005,0.6,0.6,5,9.544404983520508,9.57942008972168,0.3638731837272644,999
3,0.005,0.6,0.6,10,9.542529106140137,9.57852840423584,0.36424052715301514,999
3,0.005,0.6,0.7,1,9.535774230957031,9.5658540725708,0.3644561171531677,990
3,0.005,0.6,0.7,3,9.535408973693848,9.563446044921875,0.364602267742157,990
3,0.005,0.6,0.7,5,9.532228469848633,9.560635566711426,0.3648579716682434,990
3,0.005,0.6,0.7,10,9.52885627746582,9.55654239654541,0.36520642042160034,997
3,0.005,0.6,0.8,1,9.531698226928711,9.542438507080078,0.3662877678871155,990
3,0.005,0.6,0.8,3,9.533010482788086,9.542929649353027,0.36626362800598145,990
3,0.005,0.6,0.8,5,9.532085418701172,9.543256759643555,0.3664398193359375,997
3,0.005,0.6,0.8,10,9.5294828414917,9.538485527038574,0.36685436964035034,997
3,0.005,0.7,0.6,1,9.545306205749512,9.58967113494873,0.3631436228752136,999
3,0.005,0.7,0.6,3,9.5458402633667,9.59223461151123,0.3629229664802551,999
3,0.005,0.7,0.6,5,9.5468168258667,9.5878324508667,0.3632073402404785,999
3,0.005,0.7,0.6,10,9.54452896118164,9.585740089416504,0.3636717200279236,999
3,0.005,0.7,0.7,1,9.543975830078125,9.573463439941406,0.36337244510650635,999
3,0.005,0.7,0.7,3,9.54522705078125,9.577597618103027,0.36311233043670654,999
3,0.005,0.7,0.7,5,9.544629096984863,9.574882507324219,0.36312031745910645,999
3,0.005,0.7,0.7,10,9.542916297912598,9.571340560913086,0.36398255825042725,999
3,0.005,0.7,0.8,1,9.531557083129883,9.555167198181152,0.36514025926589966,999
3,0.005,0.7,0.8,3,9.53470516204834,9.555316925048828,0.36513370275497437,999
3,0.005,0.7,0.8,5,9.534082412719727,9.551904678344727,0.3650818467140198,999
3,0.005,0.7,0.8,10,9.528230667114258,9.54589557647705,0.36590778827667236,999
3,0.005,0.8,0.6,1,9.54519271850586,9.586037635803223,0.3630688786506653,999
3,0.005,0.8,0.6,3,9.542719841003418,9.58755874633789,0.3627658486366272,999
3,0.005,0.8,0.6,5,9.542119026184082,9.583027839660645,0.36305010318756104,999
3,0.005,0.8,0.6,10,9.53791332244873,9.578794479370117,0.36339640617370605,999
3,0.005,0.8,0.7,1,9.549983024597168,9.577433586120605,0.36350005865097046,999
3,0.005,0.8,0.7,3,9.54796028137207,9.577579498291016,0.3632269501686096,999
3,0.005,0.8,0.7,5,9.54533863067627,9.577692985534668,0.36329156160354614,999
3,0.005,0.8,0.7,10,9.539562225341797,9.571257591247559,0.3637755513191223,999
3,0.005,0.8,0.8,1,9.52706527709961,9.561894416809082,0.364620566368103,999
3,0.005,0.8,0.8,3,9.528938293457031,9.561258316040039,0.3645482659339905,999
3,0.005,0.8,0.8,5,9.526148796081543,9.561243057250977,0.3645327091217041,999
3,0.005,0.8,0.8,10,9.521058082580566,9.556015014648438,0.36509495973587036,999
3,0.01,0.6,0.6,1,9.46670913696289,9.526534080505371,0.3688255548477173,905
3,0.01,0.6,0.6,3,9.489510536193848,9.540743827819824,0.3662930727005005,703
3,0.01,0.6,0.6,5,9.482526779174805,9.539313316345215,0.36641716957092285,702
3,0.01,0.6,0.6,10,9.469724655151367,9.526763916015625,0.36870479583740234,856
3,0.01,0.6,0.7,1,9.487499237060547,9.527585983276367,0.3666362762451172,702
3,0.01,0.6,0.7,3,9.491608619689941,9.528197288513184,0.3673912286758423,702
3,0.01,0.6,0.7,5,9.482871055603027,9.524003028869629,0.3667718172073364,702
3,0.01,0.6,0.7,10,9.47998332977295,9.5075101852417,0.3686593770980835,702
3,0.01,0.6,0.8,1,9.488690376281738,9.509416580200195,0.36886560916900635,703
3,0.01,0.6,0.8,3,9.485379219055176,9.511408805847168,0.3686732053756714,703
3,0.01,0.6,0.8,5,9.483721733093262,9.504976272583008,0.36895954608917236,703
3,0.01,0.6,0.8,10,9.477529525756836,9.488347053527832,0.3696233034133911,730
3,0.01,0.7,0.6,1,9.494291305541992,9.523707389831543,0.3673363924026489,713
3,0.01,0.7,0.6,3,9.469532012939453,9.515979766845703,0.36910581588745117,854
3,0.01,0.7,0.6,5,9.4803466796875,9.523043632507324,0.36767375469207764,702
3,0.01,0.7,0.6,10,9.456686019897461,9.509405136108398,0.37058025598526,860
3,0.01,0.7,0.7,1,9.447851181030273,9.519339561462402,0.3694295287132263,854
3,0.01,0.7,0.7,3,9.471517562866211,9.517149925231934,0.3692331910133362,765
3,0.01,0.7,0.7,5,9.453146934509277,9.523880958557129,0.36906665563583374,900
3,0.01,0.7,0.7,10,9.449925422668457,9.501949310302734,0.3716591000556946,849
3,0.01,0.7,0.8,1,9.475922584533691,9.513130187988281,0.36975961923599243,849
3,0.01,0.7,0.8,3,9.486027717590332,9.520051002502441,0.36906898021698,760
3,0.01,0.7,0.8,5,9.482072830200195,9.517162322998047,0.3692261576652527,760
3,0.01,0.7,0.8,10,9.47303295135498,9.49537181854248,0.3711082339286804,763
3,0.01,0.8,0.6,1,9.479348182678223,9.538932800292969,0.3668760061264038,886
3,0.01,0.8,0.6,3,9.48353385925293,9.548226356506348,0.3655340075492859,886
3,0.01,0.8,0.6,5,9.483283042907715,9.541854858398438,0.3664698600769043,808
3,0.01,0.8,0.6,10,9.471935272216797,9.5391263961792,0.366588830947876,876
3,0.01,0.8,0.7,1,9.470048904418945,9.523693084716797,0.3677860498428345,876
3,0.01,0.8,0.7,3,9.474052429199219,9.53238582611084,0.3668503165245056,808
3,0.01,0.8,0.7,5,9.463536262512207,9.521993637084961,0.368152916431427,808
3,0.01,0.8,0.7,10,9.45455265045166,9.516407012939453,0.3687729239463806,876
3,0.01,0.8,0.8,1,9.473564147949219,9.506784439086914,0.3700476288795471,808
3,0.01,0.8,0.8,3,9.46744441986084,9.513809204101562,0.36921608448028564,808
3,0.01,0.8,0.8,5,9.457279205322266,9.504000663757324,0.3706222176551819,808
3,0.01,0.8,0.8,10,9.465314865112305,9.505228042602539,0.3712564706802368,808
3,0.02,0.6,0.6,1,9.489805221557617,9.534835815429688,0.37017762660980225,444
3,0.02,0.6,0.6,3,9.48962116241455,9.542430877685547,0.3698955178260803,435
3,0.02,0.6,0.6,5,9.477262496948242,9.532157897949219,0.3695831894874573,569
3,0.02,0.6,0.6,10,9.473607063293457,9.532041549682617,0.37044042348861694,435
3,0.02,0.6,0.7,1,9.471824645996094,9.556989669799805,0.3682100176811218,374
3,0.02,0.6,0.7,3,9.460289001464844,9.558812141418457,0.36833810806274414,375
3,0.02,0.6,0.7,5,9.454544067382812,9.548016548156738,0.3685815930366516,432
3,0.02,0.6,0.7,10,9.448540687561035,9.539265632629395,0.369998037815094,429
3,0.02,0.6,0.8,1,9.482954025268555,9.52788257598877,0.36820507049560547,375
3,0.02,0.6,0.8,3,9.481736183166504,9.528636932373047,0.3686050772666931,376
3,0.02,0.6,0.8,5,9.477132797241211,9.505319595336914,0.3694637417793274,376
3,0.02,0.6,0.8,10,9.473289489746094,9.512332916259766,0.3688007593154907,375
3,0.02,0.7,0.6,1,9.492151260375977,9.524996757507324,0.3704903721809387,425
3,0.02,0.7,0.6,3,9.495943069458008,9.534634590148926,0.36970430612564087,393
3,0.02,0.7,0.6,5,9.492838859558105,9.528313636779785,0.36975157260894775,374
3,0.02,0.7,0.6,10,9.486602783203125,9.503268241882324,0.37272799015045166,374
3,0.02,0.7,0.7,1,9.473031044006348,9.513639450073242,0.3724879026412964,423
3,0.02,0.7,0.7,3,9.475560188293457,9.530173301696777,0.3696121573448181,374
3,0.02,0.7,0.7,5,9.472098350524902,9.517669677734375,0.37019163370132446,374
3,0.02,0.7,0.7,10,9.47681713104248,9.501102447509766,0.37181031703948975,374
3,0.02,0.7,0.8,1,9.464505195617676,9.504079818725586,0.37040698528289795,374
3,0.02,0.7,0.8,3,9.496542930603027,9.522125244140625,0.3685912489891052,296
3,0.02,0.7,0.8,5,9.46444320678711,9.483843803405762,0.3716126084327698,425
3,0.02,0.7,0.8,10,9.479135513305664,9.514886856079102,0.3697688579559326,290
3,0.02,0.8,0.6,1,9.487669944763184,9.555195808410645,0.3659825921058655,375
3,0.02,0.8,0.6,3,9.486398696899414,9.55778980255127,0.3666943311691284,375
3,0.02,0.8,0.6,5,9.48241138458252,9.539609909057617,0.3670823574066162,375
3,0.02,0.8,0.6,10,9.485215187072754,9.536855697631836,0.3677595257759094,376
3,0.02,0.8,0.7,1,9.479874610900879,9.525106430053711,0.3675263524055481,375
3,0.02,0.8,0.7,3,9.473363876342773,9.510627746582031,0.3695676922798157,371
3,0.02,0.8,0.7,5,9.482684135437012,9.509976387023926,0.369448184967041,374
3,0.02,0.8,0.7,10,9.46885871887207,9.485984802246094,0.37033259868621826,370
3,0.02,0.8,0.8,1,9.470019340515137,9.486424446105957,0.3714368939399719,371
3,0.02,0.8,0.8,3,9.475131034851074,9.484185218811035,0.3715553283691406,374
3,0.02,0.8,0.8,5,9.469919204711914,9.495729446411133,0.37063974142074585,371
3,0.02,0.8,0.8,10,9.470185279846191,9.47575855255127,0.3729228377342224,374
3,0.03,0.6,0.6,1,9.531482696533203,9.53111457824707,0.36747217178344727,273
3,0.03,0.6,0.6,3,9.514013290405273,9.548523902893066,0.36803603172302246,270
3,0.03,0.6,0.6,5,9.511689186096191,9.554408073425293,0.3671337366104126,270
3,0.03,0.6,0.6,10,9.506464958190918,9.550383567810059,0.36705905199050903,273
3,0.03,0.6,0.7,1,9.509081840515137,9.525212287902832,0.3701598048210144,241
3,0.03,0.6,0.7,3,9.480490684509277,9.531545639038086,0.3718484044075012,283
3,0.03,0.6,0.7,5,9.484662055969238,9.537123680114746,0.3688444495201111,241
3,0.03,0.6,0.7,10,9.476927757263184,9.556578636169434,0.3681463599205017,257
3,0.03,0.6,0.8,1,9.500380516052246,9.52723217010498,0.36718469858169556,235
3,0.03,0.6,0.8,3,9.48080062866211,9.526162147521973,0.3696863055229187,273
3,0.03,0.6,0.8,5,9.47626781463623,9.55929183959961,0.36613208055496216,270
3,0.03,0.6,0.8,10,9.463993072509766,9.54522705078125,0.36744189262390137,270
3,0.03,0.7,0.6,1,9.504347801208496,9.544106483459473,0.3662668466567993,205
3,0.03,0.7,0.6,3,9.488384246826172,9.533379554748535,0.3677850365638733,206
3,0.03,0.7,0.6,5,9.470995903015137,9.513249397277832,0.3703344464302063,316
3,0.03,0.7,0.6,10,9.501285552978516,9.564020156860352,0.3663196563720703,205
3,0.03,0.7,0.7,1,9.488447189331055,9.541671752929688,0.36638522148132324,206
3,0.03,0.7,0.7,3,9.483805656433105,9.53298282623291,0.36741089820861816,205
3,0.03,0.7,0.7,5,9.433333396911621,9.51197338104248,0.3697105646133423,316
3,0.03,0.7,0.7,10,9.480342864990234,9.526957511901855,0.36930274963378906,280
3,0.03,0.7,0.8,1,9.432509422302246,9.5239896774292,0.3686850666999817,273
3,0.03,0.7,0.8,3,9.423884391784668,9.542868614196777,0.36710023880004883,284
3,0.03,0.7,0.8,5,9.440214157104492,9.535584449768066,0.3679320216178894,273
3,0.03,0.7,0.8,10,9.468024253845215,9.545966148376465,0.3679329752922058,237
3,0.03,0.8,0.6,1,9.510945320129395,9.554207801818848,0.36440587043762207,239
3,0.03,0.8,0.6,3,9.495304107666016,9.546173095703125,0.36604756116867065,256
3,0.03,0.8,0.6,5,9.513029098510742,9.553470611572266,0.36351966857910156,290
3,0.03,0.8,0.6,10,9.487906455993652,9.524365425109863,0.3663444519042969,256
3,0.03,0.8,0.7,1,9.477741241455078,9.547082901000977,0.36482638120651245,311
3,0.03,0.8,0.7,3,9.491890907287598,9.53143310546875,0.3684370517730713,239
3,0.03,0.8,0.7,5,9.474350929260254,9.522995948791504,0.3670375347137451,290
3,0.03,0.8,0.7,10,9.481078147888184,9.502663612365723,0.36963599920272827,237
3,0.03,0.8,0.8,1,9.458497047424316,9.520769119262695,0.3692705035209656,241
3,0.03,0.8,0.8,3,9.455742835998535,9.515283584594727,0.3694332242012024,241
3,0.03,0.8,0.8,5,9.466580390930176,9.50903034210205,0.3710406422615051,241
3,0.03,0.8,0.8,10,9.44573974609375,9.524852752685547,0.3691447377204895,290
3,0.05,0.6,0.6,1,9.518878936767578,9.562618255615234,0.36634141206741333,127
3,0.05,0.6,0.6,3,9.525378227233887,9.576105117797852,0.3641255497932434,127
3,0.05,0.6,0.6,5,9.504610061645508,9.556426048278809,0.3661906123161316,186
3,0.05,0.6,0.6,10,9.485756874084473,9.586413383483887,0.3645925521850586,212
3,0.05,0.6,0.7,1,9.494791030883789,9.528373718261719,0.36759161949157715,133
3,0.05,0.6,0.7,3,9.505433082580566,9.518787384033203,0.3675973415374756,118
3,0.05,0.6,0.7,5,9.515268325805664,9.53253173828125,0.36712968349456787,127
3,0.05,0.6,0.7,10,9.52452564239502,9.53899097442627,0.3663747310638428,133
3,0.05,0.6,0.8,1,9.499749183654785,9.501896858215332,0.36757993698120117,133
3,0.05,0.6,0.8,3,9.470386505126953,9.49324893951416,0.3683992028236389,177
3,0.05,0.6,0.8,5,9.474309921264648,9.511281967163086,0.36925703287124634,174
3,0.05,0.6,0.8,10,9.537741661071777,9.538506507873535,0.3672122359275818,132
3,0.05,0.7,0.6,1,9.452188491821289,9.522626876831055,0.3700469136238098,202
3,0.05,0.7,0.6,3,9.498656272888184,9.548686027526855,0.36795538663864136,163
3,0.05,0.7,0.6,5,9.47743034362793,9.549595832824707,0.3669847249984741,202
3,0.05,0.7,0.6,10,9.439058303833008,9.561114311218262,0.36886167526245117,206
3,0.05,0.7,0.7,1,9.469928741455078,9.465291023254395,0.3732035160064697,206
3,0.05,0.7,0.7,3,9.439038276672363,9.508110046386719,0.37056273221969604,201
3,0.05,0.7,0.7,5,9.452779769897461,9.498926162719727,0.37063121795654297,200
3,0.05,0.7,0.7,10,9.460540771484375,9.49123764038086,0.3716609477996826,184
3,0.05,0.7,0.8,1,9.436208724975586,9.475791931152344,0.3724435567855835,207
3,0.05,0.7,0.8,3,9.449234008789062,9.493788719177246,0.3713560104370117,194
3,0.05,0.7,0.8,5,9.47433090209961,9.495223999023438,0.3704489469528198,195
3,0.05,0.7,0.8,10,9.529899597167969,9.550896644592285,0.36647146940231323,118
3,0.05,0.8,0.6,1,9.512504577636719,9.496185302734375,0.36975258588790894,224
3,0.05,0.8,0.6,3,9.52049446105957,9.506464958190918,0.3697645664215088,177
3,0.05,0.8,0.6,5,9.498305320739746,9.494342803955078,0.37039780616760254,177
3,0.05,0.8,0.6,10,9.509063720703125,9.492773056030273,0.36966437101364136,175
3,0.05,0.8,0.7,1,9.498388290405273,9.479877471923828,0.3699418306350708,174
3,0.05,0.8,0.7,3,9.486863136291504,9.48401165008545,0.3702887296676636,156
3,0.05,0.8,0.7,5,9.47900390625,9.484607696533203,0.3683187961578369,174
3,0.05,0.8,0.7,10,9.490599632263184,9.487692832946777,0.3692924380302429,139
3,0.05,0.8,0.8,1,9.484808921813965,9.54593563079834,0.36562758684158325,155
3,0.05,0.8,0.8,3,9.487548828125,9.519567489624023,0.3694375157356262,174
3,0.05,0.8,0.8,5,9.488197326660156,9.504178047180176,0.37068432569503784,176
3,0.05,0.8,0.8,10,9.482562065124512,9.52588176727295,0.36973387002944946,162
4,0.005,0.6,0.6,1,9.476977348327637,9.518254280090332,0.36960721015930176,989
4,0.005,0.6,0.6,3,9.474385261535645,9.518013954162598,0.3699376583099365,990
4,0.005,0.6,0.6,5,9.470029830932617,9.520872116088867,0.3702411651611328,990
4,0.005,0.6,0.6,10,9.46234130859375,9.517704010009766,0.3704952001571655,950
4,0.005,0.6,0.7,1,9.477876663208008,9.498922348022461,0.37157338857650757,951
4,0.005,0.6,0.7,3,9.471124649047852,9.492923736572266,0.3719056248664856,997
4,0.005,0.6,0.7,5,9.4646635055542,9.48943042755127,0.37266772985458374,994
4,0.005,0.6,0.7,10,9.451807022094727,9.486885070800781,0.37289959192276,952
4,0.005,0.6,0.8,1,9.481581687927246,9.484076499938965,0.37295860052108765,941
4,0.005,0.6,0.8,3,9.48165225982666,9.475998878479004,0.37350326776504517,988
4,0.005,0.6,0.8,5,9.477499008178711,9.47713565826416,0.37303704023361206,983
4,0.005,0.6,0.8,10,9.469389915466309,9.463676452636719,0.3739761710166931,997
4,0.005,0.7,0.6,1,9.480205535888672,9.49346923828125,0.37223511934280396,999
4,0.005,0.7,0.6,3,9.474538803100586,9.496583938598633,0.371898889541626,999
4,0.005,0.7,0.6,5,9.464465141296387,9.499861717224121,0.37177079916000366,999
4,0.005,0.7,0.6,10,9.466794967651367,9.483906745910645,0.3726716637611389,999
4,0.005,0.7,0.7,1,9.476335525512695,9.507698059082031,0.3707966208457947,969
4,0.005,0.7,0.7,3,9.476337432861328,9.516535758972168,0.37006741762161255,969
4,0.005,0.7,0.7,5,9.47217845916748,9.514471054077148,0.3700087070465088,969
4,0.005,0.7,0.7,10,9.475469589233398,9.50539779663086,0.3701856732368469,900
4,0.005,0.7,0.8,1,9.467171669006348,9.49354076385498,0.3710956573486328,999
4,0.005,0.7,0.8,3,9.46724796295166,9.500510215759277,0.37113243341445923,901
4,0.005,0.7,0.8,5,9.466758728027344,9.505796432495117,0.37005549669265747,912
4,0.005,0.7,0.8,10,9.460628509521484,9.48820686340332,0.37150728702545166,999
4,0.005,0.8,0.6,1,9.454145431518555,9.516304969787598,0.3699284791946411,999
4,0.005,0.8,0.6,3,9.451375961303711,9.514713287353516,0.3701673746109009,999
4,0.005,0.8,0.6,5,9.455924034118652,9.512056350708008,0.370029091835022,999
4,0.005,0.8,0.6,10,9.451480865478516,9.498876571655273,0.3709142208099365,999
4,0.005,0.8,0.7,1,9.457314491271973,9.518559455871582,0.369054913520813,997
4,0.005,0.8,0.7,3,9.456982612609863,9.521346092224121,0.36871522665023804,999
4,0.005,0.8,0.7,5,9.461259841918945,9.520546913146973,0.36855870485305786,999
4,0.005,0.8,0.7,10,9.457514762878418,9.498063087463379,0.3706568479537964,999
4,0.005,0.8,0.8,1,9.4609956741333,9.497392654418945,0.3700845241546631,992
4,0.005,0.8,0.8,3,9.463175773620605,9.498234748840332,0.37003982067108154,990
4,0.005,0.8,0.8,5,9.45302677154541,9.499993324279785,0.3698076605796814,990
4,0.005,0.8,0.8,10,9.449155807495117,9.491960525512695,0.37086135149002075,995
4,0.01,0.6,0.6,1,9.446429252624512,9.527413368225098,0.36921900510787964,601
4,0.01,0.6,0.6,3,9.437828063964844,9.515101432800293,0.3708465099334717,601
4,0.01,0.6,0.6,5,9.4498291015625,9.511301040649414,0.37024033069610596,601
4,0.01,0.6,0.6,10,9.44831657409668,9.497658729553223,0.3718786835670471,601
4,0.01,0.6,0.7,1,9.434286117553711,9.51941967010498,0.36975282430648804,626
4,0.01,0.6,0.7,3,9.435701370239258,9.513805389404297,0.3698146939277649,600
4,0.01,0.6,0.7,5,9.426182746887207,9.504178047180176,0.36961227655410767,678
4,0.01,0.6,0.7,10,9.45479965209961,9.491883277893066,0.3714243769645691,576
4,0.01,0.6,0.8,1,9.456058502197266,9.515641212463379,0.3706388473510742,579
4,0.01,0.6,0.8,3,9.451406478881836,9.515280723571777,0.3705858588218689,579
4,0.01,0.6,0.8,5,9.456665992736816,9.51742172241211,0.3700820207595825,588
4,0.01,0.6,0.8,10,9.444095611572266,9.513557434082031,0.3699758052825928,588
4,0.01,0.7,0.6,1,9.436263084411621,9.46927547454834,0.3740237355232239,621
4,0.01,0.7,0.6,3,9.444375038146973,9.472400665283203,0.373154878616333,621
4,0.01,0.7,0.6,5,9.436996459960938,9.486614227294922,0.37165719270706177,623
4,0.01,0.7,0.6,10,9.416399002075195,9.471352577209473,0.3736863136291504,624
4,0.01,0.7,0.7,1,9.43172836303711,9.503554344177246,0.36986297369003296,617
4,0.01,0.7,0.7,3,9.433728218078613,9.495524406433105,0.37072044610977173,615
4,0.01,0.7,0.7,5,9.420918464660645,9.496920585632324,0.37150096893310547,615
4,0.01,0.7,0.7,10,9.4558744430542,9.504231452941895,0.37100619077682495,446
4,0.01,0.7,0.8,1,9.441935539245605,9.484114646911621,0.37248724699020386,625
4,0.01,0.7,0.8,3,9.44237232208252,9.47266674041748,0.373329222202301,643
4,0.01,0.7,0.8,5,9.435688018798828,9.474868774414062,0.37319469451904297,628
4,0.01,0.7,0.8,10,9.42732048034668,9.449504852294922,0.37580662965774536,700
4,0.01,0.8,0.6,1,9.463519096374512,9.516938209533691,0.3702126145362854,533
4,0.01,0.8,0.6,3,9.463232040405273,9.50489616394043,0.3706796169281006,597
4,0.01,0.8,0.6,5,9.455076217651367,9.510817527770996,0.36990612745285034,643
4,0.01,0.8,0.6,10,9.445416450500488,9.497475624084473,0.37125164270401,679
4,0.01,0.8,0.7,1,9.435894012451172,9.503547668457031,0.36887723207473755,633
4,0.01,0.8,0.7,3,9.434551239013672,9.494451522827148,0.36922895908355713,642
4,0.01,0.8,0.7,5,9.435439109802246,9.506881713867188,0.36833423376083374,622
4,0.01,0.8,0.7,10,9.42878246307373,9.499844551086426,0.3697923421859741,673
4,0.01,0.8,0.8,1,9.430222511291504,9.484023094177246,0.37153160572052,643
4,0.01,0.8,0.8,3,9.443183898925781,9.488125801086426,0.37170714139938354,643
4,0.01,0.8,0.8,5,9.436168670654297,9.500678062438965,0.3702050447463989,631
4,0.01,0.8,0.8,10,9.41843032836914,9.471678733825684,0.3713220953941345,646
4,0.02,0.6,0.6,1,9.457929611206055,9.520052909851074,0.3688085079193115,372
4,0.02,0.6,0.6,3,9.468361854553223,9.531126022338867,0.36892616748809814,313
4,0.02,0.6,0.6,5,9.476617813110352,9.52264404296875,0.3688619136810303,313
4,0.02,0.6,0.6,10,9.491943359375,9.520710945129395,0.3691737651824951,365
4,0.02,0.6,0.7,1,9.47736930847168,9.500463485717773,0.3713747262954712,237
4,0.02,0.6,0.7,3,9.443534851074219,9.479005813598633,0.3757115602493286,358
4,0.02,0.6,0.7,5,9.400009155273438,9.466876983642578,0.374722957611084,456
4,0.02,0.6,0.7,10,9.432585716247559,9.496573448181152,0.3729695677757263,365
4,0.02,0.6,0.8,1,9.473552703857422,9.510113716125488,0.3714844584465027,237
4,0.02,0.6,0.8,3,9.43258285522461,9.489274978637695,0.37263500690460205,328
4,0.02,0.6,0.8,5,9.418917655944824,9.47767162322998,0.3742082715034485,376
4,0.02,0.6,0.8,10,9.430808067321777,9.469809532165527,0.3749196529388428,339
4,0.02,0.7,0.6,1,9.465964317321777,9.484150886535645,0.3751900792121887,274
4,0.02,0.7,0.6,3,9.457235336303711,9.494723320007324,0.3727632761001587,299
4,0.02,0.7,0.6,5,9.470133781433105,9.486410140991211,0.371757447719574,310
4,0.02,0.7,0.6,10,9.470597267150879,9.50790023803711,0.37258702516555786,274
4,0.02,0.7,0.7,1,9.458597183227539,9.481894493103027,0.3716210722923279,316
4,0.02,0.7,0.7,3,9.442741394042969,9.493249893188477,0.3697558641433716,274
4,0.02,0.7,0.7,5,9.459345817565918,9.491661071777344,0.3695390820503235,303
4,0.02,0.7,0.7,10,9.419103622436523,9.481160163879395,0.37180691957473755,316
4,0.02,0.7,0.8,1,9.42523193359375,9.468717575073242,0.37221795320510864,289
4,0.02,0.7,0.8,3,9.40123462677002,9.449254989624023,0.37256985902786255,351
4,0.02,0.7,0.8,5,9.3991060256958,9.448089599609375,0.3723266124725342,341
4,0.02,0.7,0.8,10,9.40762996673584,9.430274963378906,0.3750187158584595,347
4,0.02,0.8,0.6,1,9.453370094299316,9.494902610778809,0.3713982105255127,289
4,0.02,0.8,0.6,3,9.472861289978027,9.513283729553223,0.36918503046035767,255
4,0.02,0.8,0.6,5,9.477897644042969,9.50487995147705,0.37035226821899414,289
4,0.02,0.8,0.6,10,9.456300735473633,9.488994598388672,0.3699376583099365,308
4,0.02,0.8,0.7,1,9.416910171508789,9.452630996704102,0.37231725454330444,321
4,0.02,0.8,0.7,3,9.433920860290527,9.462385177612305,0.3725106120109558,316
4,0.02,0.8,0.7,5,9.421278953552246,9.453936576843262,0.37239718437194824,337
4,0.02,0.8,0.7,10,9.423749923706055,9.464219093322754,0.370633065700531,290
4,0.02,0.8,0.8,1,9.40285873413086,9.444804191589355,0.37429046630859375,318
4,0.02,0.8,0.8,3,9.420144081115723,9.458906173706055,0.37306761741638184,310
4,0.02,0.8,0.8,5,9.431879043579102,9.458374977111816,0.37339961528778076,317
4,0.02,0.8,0.8,10,9.417380332946777,9.449186325073242,0.373726487159729,314
4,0.03,0.6,0.6,1,9.496376991271973,9.555477142333984,0.3657456040382385,230
4,0.03,0.6,0.6,3,9.510205268859863,9.564373970031738,0.362984836101532,157
4,0.03,0.6,0.6,5,9.491086959838867,9.571660041809082,0.36241811513900757,212
4,0.03,0.6,0.6,10,9.50430679321289,9.561630249023438,0.3646421432495117,230
4,0.03,0.6,0.7,1,9.49023151397705,9.489897727966309,0.36986303329467773,210
4,0.03,0.6,0.7,3,9.484932899475098,9.49282455444336,0.3707526922225952,231
4,0.03,0.6,0.7,5,9.49187183380127,9.514884948730469,0.36855852603912354,237
4,0.03,0.6,0.7,10,9.467133522033691,9.509193420410156,0.36775636672973633,209
4,0.03,0.6,0.8,1,9.470686912536621,9.522995948791504,0.3678129315376282,211
4,0.03,0.6,0.8,3,9.463624954223633,9.485644340515137,0.37052440643310547,226
4,0.03,0.6,0.8,5,9.488919258117676,9.55268669128418,0.3659607172012329,226
4,0.03,0.6,0.8,10,9.459630966186523,9.51284122467041,0.37130206823349,212
4,0.03,0.7,0.6,1,9.457565307617188,9.461078643798828,0.3737468719482422,209
4,0.03,0.7,0.6,3,9.454298973083496,9.49887752532959,0.36982280015945435,197
4,0.03,0.7,0.6,5,9.470502853393555,9.48582935333252,0.37117379903793335,195
4,0.03,0.7,0.6,10,9.456705093383789,9.479103088378906,0.37168633937835693,195
4,0.03,0.7,0.7,1,9.42558479309082,9.44767951965332,0.3755606412887573,201
4,0.03,0.7,0.7,3,9.429450988769531,9.44798755645752,0.3742085099220276,208
4,0.03,0.7,0.7,5,9.400300025939941,9.455938339233398,0.37722814083099365,238
4,0.03,0.7,0.7,10,9.403899192810059,9.459243774414062,0.3716549873352051,197
4,0.03,0.7,0.8,1,9.415495872497559,9.508106231689453,0.37075114250183105,195
4,0.03,0.7,0.8,3,9.40945053100586,9.503036499023438,0.37194007635116577,202
4,0.03,0.7,0.8,5,9.408232688903809,9.505171775817871,0.3724943995475769,237
4,0.03,0.7,0.8,10,9.3806734085083,9.502521514892578,0.37138015031814575,275
4,0.03,0.8,0.6,1,9.47913646697998,9.493609428405762,0.36943209171295166,218
4,0.03,0.8,0.6,3,9.449677467346191,9.473848342895508,0.3720141649246216,235
4,0.03,0.8,0.6,5,9.443445205688477,9.474773406982422,0.37356841564178467,223
4,0.03,0.8,0.6,10,9.440547943115234,9.471418380737305,0.37038499116897583,212
4,0.03,0.8,0.7,1,9.400341987609863,9.488188743591309,0.3703041076660156,237
4,0.03,0.8,0.7,3,9.453227043151855,9.47106647491455,0.37300676107406616,237
4,0.03,0.8,0.7,5,9.413440704345703,9.47097110748291,0.37230855226516724,237
4,0.03,0.8,0.7,10,9.42805290222168,9.473885536193848,0.3724524974822998,219
4,0.03,0.8,0.8,1,9.420488357543945,9.506284713745117,0.3698049783706665,257
4,0.03,0.8,0.8,3,9.432973861694336,9.493566513061523,0.3683663606643677,223
4,0.03,0.8,0.8,5,9.44283390045166,9.49384880065918,0.37108540534973145,256
4,0.03,0.8,0.8,10,9.43051528930664,9.460721969604492,0.372003972530365,256
4,0.05,0.6,0.6,1,9.444887161254883,9.51451587677002,0.36761176586151123,113
4,0.05,0.6,0.6,3,9.457449913024902,9.546463966369629,0.36547625064849854,125
4,0.05,0.6,0.6,5,9.467669486999512,9.520344734191895,0.36633914709091187,91
4,0.05,0.6,0.6,10,9.426772117614746,9.523087501525879,0.3661966919898987,131
4,0.05,0.6,0.7,1,9.480669021606445,9.550189018249512,0.3644397258758545,124
4,0.05,0.6,0.7,3,9.422263145446777,9.507264137268066,0.36881881952285767,134
4,0.05,0.6,0.7,5,9.46760368347168,9.518869400024414,0.3656696677207947,130
4,0.05,0.6,0.7,10,9.447339057922363,9.51279354095459,0.3692033886909485,126
4,0.05,0.6,0.8,1,9.427494049072266,9.494999885559082,0.3641054034233093,142
4,0.05,0.6,0.8,3,9.43245792388916,9.468192100524902,0.3660465478897095,164
4,0.05,0.6,0.8,5,9.452529907226562,9.484259605407715,0.36975306272506714,111
4,0.05,0.6,0.8,10,9.463358879089355,9.482977867126465,0.3687383532524109,124
4,0.05,0.7,0.6,1,9.415525436401367,9.494521141052246,0.3743991255760193,183
4,0.05,0.7,0.6,3,9.439230918884277,9.504292488098145,0.3662562370300293,119
4,0.05,0.7,0.6,5,9.395796775817871,9.444802284240723,0.3753572106361389,180
4,0.05,0.7,0.6,10,9.365477561950684,9.51379108428955,0.3660365343093872,203
4,0.05,0.7,0.7,1,9.419987678527832,9.45702075958252,0.3721190094947815,134
4,0.05,0.7,0.7,3,9.40960693359375,9.501296997070312,0.3735730051994324,183
4,0.05,0.7,0.7,5,9.424837112426758,9.43661117553711,0.375779926776886,122
4,0.05,0.7,0.7,10,9.387752532958984,9.454751968383789,0.37654149532318115,211
4,0.05,0.7,0.8,1,9.456771850585938,9.519579887390137,0.3684110641479492,122
4,0.05,0.7,0.8,3,9.383191108703613,9.56251335144043,0.36803871393203735,237
4,0.05,0.7,0.8,5,9.391587257385254,9.529529571533203,0.3668467402458191,200
4,0.05,0.7,0.8,10,9.420339584350586,9.532517433166504,0.3689694404602051,118
4,0.05,0.8,0.6,1,9.444710731506348,9.551111221313477,0.36640679836273193,123
4,0.05,0.8,0.6,3,9.475593566894531,9.53122615814209,0.36880987882614136,121
4,0.05,0.8,0.6,5,9.449822425842285,9.536017417907715,0.3671574592590332,123
4,0.05,0.8,0.6,10,9.435551643371582,9.574905395507812,0.3638511896133423,127
4,0.05,0.8,0.7,1,9.476924896240234,9.540375709533691,0.36539697647094727,134
4,0.05,0.8,0.7,3,9.483460426330566,9.533426284790039,0.3685898780822754,134
4,0.05,0.8,0.7,5,9.451789855957031,9.524596214294434,0.36959946155548096,137
4,0.05,0.8,0.7,10,9.437599182128906,9.476016998291016,0.37332314252853394,137
4,0.05,0.8,0.8,1,9.442902565002441,9.52587890625,0.36730659008026123,133
4,0.05,0.8,0.8,3,9.483345985412598,9.501005172729492,0.3674588203430176,113
4,0.05,0.8,0.8,5,9.403717041015625,9.508464813232422,0.36989182233810425,134
4,0.05,0.8,0.8,10,9.432875633239746,9.500983238220215,0.3690229058265686,110
5,0.005,0.6,0.6,1,9.461200714111328,9.532936096191406,0.36927491426467896,890
5,0.005,0.6,0.6,3,9.442523002624512,9.530945777893066,0.3705006241798401,994
5,0.005,0.6,0.6,5,9.438843727111816,9.507391929626465,0.37155842781066895,960
5,0.005,0.6,0.6,10,9.450515747070312,9.489048957824707,0.3734111189842224,989
5,0.005,0.6,0.7,1,9.462931632995605,9.497855186462402,0.372993528842926,951
5,0.005,0.6,0.7,3,9.4711332321167,9.492446899414062,0.37317872047424316,992
5,0.005,0.6,0.7,5,9.479911804199219,9.499420166015625,0.372139573097229,951
5,0.005,0.6,0.7,10,9.461316108703613,9.457942962646484,0.37519025802612305,923
5,0.005,0.6,0.8,1,9.466155052185059,9.49013614654541,0.3735363483428955,988
5,0.005,0.6,0.8,3,9.471551895141602,9.489336013793945,0.37375837564468384,988
5,0.005,0.6,0.8,5,9.455574989318848,9.476414680480957,0.37478792667388916,983
5,0.005,0.6,0.8,10,9.445808410644531,9.443089485168457,0.3771722912788391,940
5,0.005,0.7,0.6,1,9.449953079223633,9.508092880249023,0.37289321422576904,990
5,0.005,0.7,0.6,3,9.434700965881348,9.514477729797363,0.3718428611755371,990
5,0.005,0.7,0.6,5,9.455992698669434,9.518604278564453,0.3718889355659485,826
5,0.005,0.7,0.6,10,9.430593490600586,9.486869812011719,0.37351810932159424,990
5,0.005,0.7,0.7,1,9.46425724029541,9.51533317565918,0.3719812035560608,969
5,0.005,0.7,0.7,3,9.472186088562012,9.515620231628418,0.3715851902961731,809
5,0.005,0.7,0.7,5,9.45938491821289,9.518026351928711,0.3707793951034546,999
5,0.005,0.7,0.7,10,9.431571960449219,9.471731185913086,0.37441378831863403,981
5,0.005,0.7,0.8,1,9.473685264587402,9.500983238220215,0.37297362089157104,912
5,0.005,0.7,0.8,3,9.45765495300293,9.506667137145996,0.37275230884552,970
5,0.005,0.7,0.8,5,9.460282325744629,9.49240779876709,0.3731905221939087,917
5,0.005,0.7,0.8,10,9.448179244995117,9.478672981262207,0.37442243099212646,934
5,0.005,0.8,0.6,1,9.443657875061035,9.497523307800293,0.37270820140838623,999
5,0.005,0.8,0.6,3,9.442849159240723,9.502490997314453,0.37193870544433594,996
5,0.005,0.8,0.6,5,9.446122169494629,9.501679420471191,0.37237781286239624,993
5,0.005,0.8,0.6,10,9.444473266601562,9.485830307006836,0.3726087212562561,989
5,0.005,0.8,0.7,1,9.440962791442871,9.495683670043945,0.37301403284072876,999
5,0.005,0.8,0.7,3,9.43365478515625,9.505350112915039,0.3724386692047119,989
5,0.005,0.8,0.7,5,9.43110466003418,9.497289657592773,0.3726227879524231,988
5,0.005,0.8,0.7,10,9.436188697814941,9.478449821472168,0.37475812435150146,984
5,0.005,0.8,0.8,1,9.450587272644043,9.483922958374023,0.3748810887336731,992
5,0.005,0.8,0.8,3,9.464319229125977,9.48222541809082,0.3746018409729004,990
5,0.005,0.8,0.8,5,9.456271171569824,9.48649787902832,0.37309587001800537,988
5,0.005,0.8,0.8,10,9.457939147949219,9.46540641784668,0.3741227984428406,990
5,0.01,0.6,0.6,1,9.478178977966309,9.51241397857666,0.37191545963287354,603
5,0.01,0.6,0.6,3,9.477971076965332,9.51024341583252,0.3720476031303406,603
5,0.01,0.6,0.6,5,9.496682167053223,9.534367561340332,0.3689626455307007,476
5,0.01,0.6,0.6,10,9.46306037902832,9.485858917236328,0.37391769886016846,614
5,0.01,0.6,0.7,1,9.475142478942871,9.543513298034668,0.36826270818710327,471
5,0.01,0.6,0.7,3,9.481870651245117,9.538139343261719,0.3687089681625366,477
5,0.01,0.6,0.7,5,9.497265815734863,9.520159721374512,0.36960381269454956,477
5,0.01,0.6,0.7,10,9.468246459960938,9.486696243286133,0.37219834327697754,536
5,0.01,0.6,0.8,1,9.464241027832031,9.52471923828125,0.3688424229621887,443
5,0.01,0.6,0.8,3,9.459033966064453,9.527307510375977,0.3682129383087158,430
5,0.01,0.6,0.8,5,9.459394454956055,9.521834373474121,0.36860716342926025,474
5,0.01,0.6,0.8,10,9.442170143127441,9.496163368225098,0.3703620433807373,481
5,0.01,0.7,0.6,1,9.4436616897583,9.465011596679688,0.3777068853378296,520
5,0.01,0.7,0.6,3,9.463658332824707,9.458894729614258,0.37738925218582153,522
5,0.01,0.7,0.6,5,9.441300392150879,9.469321250915527,0.3770367503166199,521
5,0.01,0.7,0.6,10,9.416210174560547,9.48008918762207,0.37601137161254883,517
5,0.01,0.7,0.7,1,9.47319507598877,9.503382682800293,0.3726295232772827,484
5,0.01,0.7,0.7,3,9.464669227600098,9.513222694396973,0.3712402582168579,484
5,0.01,0.7,0.7,5,9.460373878479004,9.494877815246582,0.3735693097114563,477
5,0.01,0.7,0.7,10,9.435688972473145,9.487116813659668,0.3741711378097534,483
5,0.01,0.7,0.8,1,9.471122741699219,9.48656177520752,0.37513673305511475,473
5,0.01,0.7,0.8,3,9.480920791625977,9.50056266784668,0.373176634311676,476
5,0.01,0.7,0.8,5,9.460169792175293,9.470916748046875,0.37445002794265747,483
5,0.01,0.7,0.8,10,9.458645820617676,9.479125022888184,0.3745790123939514,476
5,0.01,0.8,0.6,1,9.431611061096191,9.503997802734375,0.3721435070037842,521
5,0.01,0.8,0.6,3,9.417928695678711,9.500329971313477,0.3718211054801941,522
5,0.01,0.8,0.6,5,9.43262004852295,9.505197525024414,0.37192273139953613,522
5,0.01,0.8,0.6,10,9.431132316589355,9.472697257995605,0.37427395582199097,529
5,0.01,0.8,0.7,1,9.448370933532715,9.531618118286133,0.3686524033546448,603
5,0.01,0.8,0.7,3,9.450338363647461,9.523063659667969,0.3694431185722351,603
5,0.01,0.8,0.7,5,9.462377548217773,9.501259803771973,0.37100106477737427,522
5,0.01,0.8,0.7,10,9.424731254577637,9.492293357849121,0.3720325231552124,537
5,0.01,0.8,0.8,1,9.444393157958984,9.517472267150879,0.3691386580467224,603
5,0.01,0.8,0.8,3,9.454099655151367,9.508193969726562,0.37076735496520996,522
5,0.01,0.8,0.8,5,9.4609375,9.490544319152832,0.3718656301498413,522
5,0.01,0.8,0.8,10,9.451364517211914,9.479141235351562,0.37186384201049805,523
5,0.02,0.6,0.6,1,9.464447021484375,9.522767066955566,0.37122082710266113,258
5,0.02,0.6,0.6,3,9.446571350097656,9.5454683303833,0.36946505308151245,360
5,0.02,0.6,0.6,5,9.474411010742188,9.525068283081055,0.3713862895965576,254
5,0.02,0.6,0.6,10,9.485845565795898,9.546526908874512,0.37037646770477295,210
5,0.02,0.6,0.7,1,9.466289520263672,9.521056175231934,0.37145280838012695,236
5,0.02,0.6,0.7,3,9.44759750366211,9.521852493286133,0.3718987703323364,235
5,0.02,0.6,0.7,5,9.474761962890625,9.511932373046875,0.37098246812820435,258
5,0.02,0.6,0.7,10,9.47803783416748,9.495654106140137,0.3718850612640381,266
5,0.02,0.6,0.8,1,9.46757698059082,9.479208946228027,0.373196005821228,241
5,0.02,0.6,0.8,3,9.437058448791504,9.471747398376465,0.3749386668205261,256
5,0.02,0.6,0.8,5,9.466442108154297,9.485394477844238,0.3755199909210205,266
5,0.02,0.6,0.8,10,9.451071739196777,9.479808807373047,0.3736017942428589,267
5,0.02,0.7,0.6,1,9.434239387512207,9.505908012390137,0.37345820665359497,260
5,0.02,0.7,0.6,3,9.439667701721191,9.50829029083252,0.3727765679359436,274
5,0.02,0.7,0.6,5,9.42741870880127,9.478235244750977,0.37665486335754395,274
5,0.02,0.7,0.6,10,9.454259872436523,9.491246223449707,0.37292855978012085,267
5,0.02,0.7,0.7,1,9.434111595153809,9.49315071105957,0.37398862838745117,272
5,0.02,0.7,0.7,3,9.420014381408691,9.50802230834961,0.3702998161315918,298
5,0.02,0.7,0.7,5,9.420424461364746,9.475242614746094,0.37227916717529297,275
5,0.02,0.7,0.7,10,9.430694580078125,9.488603591918945,0.37175583839416504,262
5,0.02,0.7,0.8,1,9.41735553741455,9.513509750366211,0.3687763214111328,249
5,0.02,0.7,0.8,3,9.407601356506348,9.48323917388916,0.3712180256843567,282
5,0.02,0.7,0.8,5,9.392871856689453,9.499024391174316,0.3690063953399658,291
5,0.02,0.7,0.8,10,9.440382957458496,9.451332092285156,0.36979877948760986,254
5,0.02,0.8,0.6,1,9.398666381835938,9.50117301940918,0.3720003366470337,258
5,0.02,0.8,0.6,3,9.422564506530762,9.516301155090332,0.37123292684555054,258
5,0.02,0.8,0.6,5,9.415799140930176,9.525918006896973,0.3699948191642761,285
5,0.02,0.8,0.6,10,9.435368537902832,9.49966812133789,0.37233859300613403,258
5,0.02,0.8,0.7,1,9.422269821166992,9.492679595947266,0.3713970184326172,256
5,0.02,0.8,0.7,3,9.421578407287598,9.514204025268555,0.3705829977989197,316
5,0.02,0.8,0.7,5,9.417232513427734,9.466584205627441,0.3754160404205322,256
5,0.02,0.8,0.7,10,9.448165893554688,9.46805191040039,0.3745431900024414,256
5,0.02,0.8,0.8,1,9.440159797668457,9.50361442565918,0.37206560373306274,333
5,0.02,0.8,0.8,3,9.432854652404785,9.50971794128418,0.3713081479072571,316
5,0.02,0.8,0.8,5,9.43368148803711,9.47915267944336,0.3724195957183838,275
5,0.02,0.8,0.8,10,9.458950996398926,9.485028266906738,0.37178587913513184,290
5,0.03,0.6,0.6,1,9.477202415466309,9.583449363708496,0.3614339232444763,157
5,0.03,0.6,0.6,3,9.4899320602417,9.581367492675781,0.36453360319137573,157
5,0.03,0.6,0.6,5,9.469828605651855,9.55102825164795,0.36453330516815186,157
5,0.03,0.6,0.6,10,9.513026237487793,9.580185890197754,0.35977286100387573,141
5,0.03,0.6,0.7,1,9.482850074768066,9.580694198608398,0.3622252345085144,241
5,0.03,0.6,0.7,3,9.511104583740234,9.55223274230957,0.36306649446487427,177
5,0.03,0.6,0.7,5,9.539825439453125,9.62037467956543,0.3602457046508789,113
5,0.03,0.6,0.7,10,9.513056755065918,9.54352855682373,0.3645244836807251,155
5,0.03,0.6,0.8,1,9.52308464050293,9.567524909973145,0.36353641748428345,226
5,0.03,0.6,0.8,3,9.471908569335938,9.533594131469727,0.3650129437446594,213
5,0.03,0.6,0.8,5,9.50760555267334,9.554697036743164,0.36615967750549316,128
5,0.03,0.6,0.8,10,9.553494453430176,9.589153289794922,0.3655017018318176,190
5,0.03,0.7,0.6,1,9.472301483154297,9.536553382873535,0.3694128394126892,270
5,0.03,0.7,0.6,3,9.427472114562988,9.502666473388672,0.37137752771377563,272
5,0.03,0.7,0.6,5,9.460415840148926,9.506156921386719,0.37051820755004883,238
5,0.03,0.7,0.6,10,9.468124389648438,9.495538711547852,0.37066757678985596,183
5,0.03,0.7,0.7,1,9.399493217468262,9.502242088317871,0.3731825351715088,202
5,0.03,0.7,0.7,3,9.407444953918457,9.535964012145996,0.3708178997039795,202
5,0.03,0.7,0.7,5,9.442156791687012,9.47896957397461,0.3724437952041626,201
5,0.03,0.7,0.7,10,9.414341926574707,9.47670841217041,0.3704608082771301,195
5,0.03,0.7,0.8,1,9.35878849029541,9.537941932678223,0.3633202314376831,252
5,0.03,0.7,0.8,3,9.389307022094727,9.522292137145996,0.362842321395874,222
5,0.03,0.7,0.8,5,9.399850845336914,9.45968246459961,0.3717886805534363,216
5,0.03,0.7,0.8,10,9.363035202026367,9.479323387145996,0.3709980845451355,237
5,0.03,0.8,0.6,1,9.432920455932617,9.4786376953125,0.3724052309989929,258
5,0.03,0.8,0.6,3,9.421594619750977,9.466073989868164,0.37309813499450684,256
5,0.03,0.8,0.6,5,9.430877685546875,9.460186004638672,0.3726152181625366,199
5,0.03,0.8,0.6,10,9.469239234924316,9.493051528930664,0.36878687143325806,140
5,0.03,0.8,0.7,1,9.48933219909668,9.51447582244873,0.37237322330474854,124
5,0.03,0.8,0.7,3,9.469080924987793,9.483147621154785,0.3743327260017395,155
5,0.03,0.8,0.7,5,9.427106857299805,9.475738525390625,0.3734251856803894,237
5,0.03,0.8,0.7,10,9.457178115844727,9.465005874633789,0.3745899200439453,166
5,0.03,0.8,0.8,1,9.398921966552734,9.521622657775879,0.3719290494918823,290
5,0.03,0.8,0.8,3,9.456385612487793,9.50796890258789,0.3738834261894226,173
5,0.03,0.8,0.8,5,9.457688331604004,9.4696626663208,0.37920767068862915,149
5,0.03,0.8,0.8,10,9.480263710021973,9.464712142944336,0.3734142780303955,151
5,0.05,0.6,0.6,1,9.4065523147583,9.569130897521973,0.36669641733169556,124
5,0.05,0.6,0.6,3,9.4797945022583,9.622651100158691,0.36615514755249023,125
5,0.05,0.6,0.6,5,9.392053604125977,9.577552795410156,0.3670598268508911,102
5,0.05,0.6,0.6,10,9.417216300964355,9.515761375427246,0.3718147277832031,113
5,0.05,0.6,0.7,1,9.424580574035645,9.617618560791016,0.3616655468940735,108
5,0.05,0.6,0.7,3,9.458433151245117,9.557853698730469,0.36278849840164185,137
5,0.05,0.6,0.7,5,9.481334686279297,9.55025863647461,0.36588597297668457,120
5,0.05,0.6,0.7,10,9.426094055175781,9.505202293395996,0.36537230014801025,92
5,0.05,0.6,0.8,1,9.521448135375977,9.598140716552734,0.36123979091644287,108
5,0.05,0.6,0.8,3,9.516622543334961,9.56746768951416,0.3657795786857605,108
5,0.05,0.6,0.8,5,9.583338737487793,9.522700309753418,0.37157583236694336,92
5,0.05,0.6,0.8,10,9.484296798706055,9.444408416748047,0.37542563676834106,142
5,0.05,0.7,0.6,1,9.457907676696777,9.58028793334961,0.365780770778656,115
5,0.05,0.7,0.6,3,9.511578559875488,9.543196678161621,0.3686245083808899,106
5,0.05,0.7,0.6,5,9.390799522399902,9.538064956665039,0.36781883239746094,208
5,0.05,0.7,0.6,10,9.449289321899414,9.494640350341797,0.37041836977005005,189
5,0.05,0.7,0.7,1,9.459064483642578,9.552277565002441,0.3673325777053833,132
5,0.05,0.7,0.7,3,9.433186531066895,9.589309692382812,0.36491090059280396,127
5,0.05,0.7,0.7,5,9.439970970153809,9.557273864746094,0.3660063147544861,134
5,0.05,0.7,0.7,10,9.489160537719727,9.550341606140137,0.3639228343963623,100
5,0.05,0.7,0.8,1,9.359770774841309,9.54022216796875,0.3682425618171692,127
5,0.05,0.7,0.8,3,9.39171314239502,9.506388664245605,0.3684435486793518,158
5,0.05,0.7,0.8,5,9.377957344055176,9.50110149383545,0.3714204430580139,134
5,0.05,0.7,0.8,10,9.466023445129395,9.513456344604492,0.3694753050804138,91
5,0.05,0.8,0.6,1,9.450004577636719,9.575748443603516,0.35986757278442383,128
5,0.05,0.8,0.6,3,9.488323211669922,9.588072776794434,0.36123228073120117,127
5,0.05,0.8,0.6,5,9.510967254638672,9.548912048339844,0.36700552701950073,137
5,0.05,0.8,0.6,10,9.47294807434082,9.548073768615723,0.3613883852958679,113
5,0.05,0.8,0.7,1,9.484667778015137,9.523219108581543,0.37407588958740234,132
5,0.05,0.8,0.7,3,9.517822265625,9.56568431854248,0.36878126859664917,94
5,0.05,0.8,0.7,5,9.474916458129883,9.497016906738281,0.37396204471588135,132
5,0.05,0.8,0.7,10,9.434337615966797,9.557496070861816,0.3685340881347656,137
5,0.05,0.8,0.8,1,9.490046501159668,9.483274459838867,0.3743462562561035,124
5,0.05,0.8,0.8,3,9.493284225463867,9.461344718933105,0.37238138914108276,121
5,0.05,0.8,0.8,5,9.52200698852539,9.436284065246582,0.3789832592010498,97
5,0.05,0.8,0.8,10,9.49362564086914,9.461459159851074,0.3756614327430725,110
6,0.005,0.6,0.6,1,9.46557903289795,9.562468528747559,0.36682766675949097,988
6,0.005,0.6,0.6,3,9.463750839233398,9.540369033813477,0.368699312210083,988
6,0.005,0.6,0.6,5,9.452670097351074,9.541555404663086,0.3691798448562622,989
6,0.005,0.6,0.6,10,9.458606719970703,9.485528945922852,0.3749963045120239,868
6,0.005,0.6,0.7,1,9.476548194885254,9.532154083251953,0.3706675171852112,855
6,0.005,0.6,0.7,3,9.486598014831543,9.528924942016602,0.37018585205078125,941
6,0.005,0.6,0.7,5,9.456154823303223,9.50472354888916,0.3718758225440979,924
6,0.005,0.6,0.7,10,9.450933456420898,9.467472076416016,0.3742893934249878,922
6,0.005,0.6,0.8,1,9.461539268493652,9.514832496643066,0.3714562654495239,850
6,0.005,0.6,0.8,3,9.478560447692871,9.504969596862793,0.37203294038772583,855
6,0.005,0.6,0.8,5,9.435212135314941,9.478235244750977,0.3734731674194336,952
6,0.005,0.6,0.8,10,9.43857479095459,9.450810432434082,0.3744707703590393,876
6,0.005,0.7,0.6,1,9.462060928344727,9.522126197814941,0.37187033891677856,990
6,0.005,0.7,0.6,3,9.475939750671387,9.537817001342773,0.37019145488739014,944
6,0.005,0.7,0.6,5,9.45543384552002,9.52058219909668,0.3713359236717224,990
6,0.005,0.7,0.6,10,9.42085075378418,9.483355522155762,0.3738526701927185,981
6,0.005,0.7,0.7,1,9.470203399658203,9.499573707580566,0.3744350075721741,949
6,0.005,0.7,0.7,3,9.46388053894043,9.510137557983398,0.3723413944244385,855
6,0.005,0.7,0.7,5,9.460953712463379,9.506916999816895,0.3726975917816162,984
6,0.005,0.7,0.7,10,9.435532569885254,9.466702461242676,0.3754813075065613,939
6,0.005,0.7,0.8,1,9.455536842346191,9.488967895507812,0.37440019845962524,982
6,0.005,0.7,0.8,3,9.465615272521973,9.49768352508545,0.3732672333717346,859
6,0.005,0.7,0.8,5,9.44973087310791,9.483720779418945,0.3744635581970215,937
6,0.005,0.7,0.8,10,9.452615737915039,9.455306053161621,0.3777502775192261,933
6,0.005,0.8,0.6,1,9.456466674804688,9.51889705657959,0.3712301254272461,999
6,0.005,0.8,0.6,3,9.45969009399414,9.53320598602295,0.3701581358909607,999
6,0.005,0.8,0.6,5,9.457813262939453,9.508126258850098,0.37322866916656494,982
6,0.005,0.8,0.6,10,9.482319831848145,9.520116806030273,0.37206321954727173,806
6,0.005,0.8,0.7,1,9.482995986938477,9.548914909362793,0.36984604597091675,984
6,0.005,0.8,0.7,3,9.488321304321289,9.55084228515625,0.3689853549003601,993
6,0.005,0.8,0.7,5,9.480351448059082,9.533068656921387,0.37117618322372437,981
6,0.005,0.8,0.7,10,9.480082511901855,9.500569343566895,0.3747103810310364,869
6,0.005,0.8,0.8,1,9.500337600708008,9.54223346710205,0.3702465891838074,718
6,0.005,0.8,0.8,3,9.48884105682373,9.520414352416992,0.3716990351676941,933
6,0.005,0.8,0.8,5,9.483086585998535,9.491554260253906,0.3738108277320862,869
6,0.005,0.8,0.8,10,9.4690523147583,9.484527587890625,0.37493956089019775,938
6,0.01,0.6,0.6,1,9.503496170043945,9.557528495788574,0.36903566122055054,421
6,0.01,0.6,0.6,3,9.485237121582031,9.524961471557617,0.37275195121765137,533
6,0.01,0.6,0.6,5,9.4893798828125,9.5648775100708,0.36874109506607056,564
6,0.01,0.6,0.6,10,9.463872909545898,9.477248191833496,0.37489598989486694,564
6,0.01,0.6,0.7,1,9.479331970214844,9.563618659973145,0.36519932746887207,562
6,0.01,0.6,0.7,3,9.476935386657715,9.58524227142334,0.36351120471954346,486
6,0.01,0.6,0.7,5,9.491802215576172,9.547204971313477,0.36603844165802,595
6,0.01,0.6,0.7,10,9.45132064819336,9.516901016235352,0.3707458972930908,450
6,0.01,0.6,0.8,1,9.489492416381836,9.550224304199219,0.3656095862388611,427
6,0.01,0.6,0.8,3,9.518198013305664,9.55538558959961,0.3645244836807251,457
6,0.01,0.6,0.8,5,9.471761703491211,9.528769493103027,0.3670163154602051,575
6,0.01,0.6,0.8,10,9.459335327148438,9.473492622375488,0.3732043504714966,426
6,0.01,0.7,0.6,1,9.506181716918945,9.530810356140137,0.37111103534698486,474
6,0.01,0.7,0.6,3,9.506143569946289,9.547884941101074,0.3685552477836609,476
6,0.01,0.7,0.6,5,9.489436149597168,9.528141021728516,0.3707454800605774,485
6,0.01,0.7,0.6,10,9.448898315429688,9.483609199523926,0.37575268745422363,477
6,0.01,0.7,0.7,1,9.473978042602539,9.523527145385742,0.3730950951576233,536
6,0.01,0.7,0.7,3,9.499587059020996,9.521512031555176,0.37254810333251953,476
6,0.01,0.7,0.7,5,9.462174415588379,9.508698463439941,0.37327098846435547,614
6,0.01,0.7,0.7,10,9.455718040466309,9.482246398925781,0.3730326294898987,476
6,0.01,0.7,0.8,1,9.499016761779785,9.476018905639648,0.3757314682006836,484
6,0.01,0.7,0.8,3,9.489590644836426,9.47961139678955,0.37595057487487793,484
6,0.01,0.7,0.8,5,9.479044914245605,9.445486068725586,0.3768589496612549,470
6,0.01,0.7,0.8,10,9.476326942443848,9.432998657226562,0.37439996004104614,438
6,0.01,0.8,0.6,1,9.433950424194336,9.551773071289062,0.36839723587036133,522
6,0.01,0.8,0.6,3,9.460514068603516,9.579718589782715,0.3672736883163452,476
6,0.01,0.8,0.6,5,9.46126651763916,9.562281608581543,0.3693789839744568,480
6,0.01,0.8,0.6,10,9.435685157775879,9.529633522033691,0.37137413024902344,576
6,0.01,0.8,0.7,1,9.47698974609375,9.560404777526855,0.36694496870040894,451
6,0.01,0.8,0.7,3,9.473307609558105,9.551928520202637,0.36725032329559326,446
6,0.01,0.8,0.7,5,9.482152938842773,9.54082202911377,0.3681512475013733,449
6,0.01,0.8,0.7,10,9.454419136047363,9.504325866699219,0.37205952405929565,537
6,0.01,0.8,0.8,1,9.495361328125,9.539924621582031,0.3697441816329956,473
6,0.01,0.8,0.8,3,9.475127220153809,9.522135734558105,0.3715406060218811,472
6,0.01,0.8,0.8,5,9.476558685302734,9.489959716796875,0.3750477433204651,431
6,0.01,0.8,0.8,10,9.448125839233398,9.475823402404785,0.3751087784767151,521
6,0.02,0.6,0.6,1,9.470926284790039,9.550699234008789,0.367459774017334,343
6,0.02,0.6,0.6,3,9.47498607635498,9.540054321289062,0.3673720359802246,320
6,0.02,0.6,0.6,5,9.550496101379395,9.577718734741211,0.3653385639190674,233
6,0.02,0.6,0.6,10,9.465353965759277,9.596288681030273,0.3607657551765442,209
6,0.02,0.6,0.7,1,9.512166023254395,9.541254997253418,0.3642246723175049,241
6,0.02,0.6,0.7,3,9.491621971130371,9.572073936462402,0.3650662899017334,300
6,0.02,0.6,0.7,5,9.50070858001709,9.530794143676758,0.3659316897392273,273
6,0.02,0.6,0.7,10,9.48889446258545,9.530998229980469,0.3662452697753906,245
6,0.02,0.6,0.8,1,9.520347595214844,9.580254554748535,0.3649742603302002,237
6,0.02,0.6,0.8,3,9.506669044494629,9.56635856628418,0.3646277189254761,245
6,0.02,0.6,0.8,5,9.477364540100098,9.500099182128906,0.37497174739837646,281
6,0.02,0.6,0.8,10,9.44922924041748,9.554919242858887,0.3651736378669739,265
6,0.02,0.7,0.6,1,9.470351219177246,9.533854484558105,0.36925190687179565,213
6,0.02,0.7,0.6,3,9.459315299987793,9.491005897521973,0.37037307024002075,276
6,0.02,0.7,0.6,5,9.446243286132812,9.551804542541504,0.3665285110473633,271
6,0.02,0.7,0.6,10,9.476546287536621,9.507444381713867,0.37009841203689575,249
6,0.02,0.7,0.7,1,9.464609146118164,9.495193481445312,0.3717765212059021,272
6,0.02,0.7,0.7,3,9.4396390914917,9.51223087310791,0.368941068649292,275
6,0.02,0.7,0.7,5,9.458974838256836,9.567538261413574,0.36610639095306396,303
6,0.02,0.7,0.7,10,9.438427925109863,9.485074996948242,0.3698282837867737,365
6,0.02,0.7,0.8,1,9.460946083068848,9.539188385009766,0.36451369524002075,263
6,0.02,0.7,0.8,3,9.43343734741211,9.525747299194336,0.3658123016357422,263
6,0.02,0.7,0.8,5,9.41662883758545,9.491262435913086,0.3653380274772644,274
6,0.02,0.7,0.8,10,9.389762878417969,9.466874122619629,0.36753058433532715,310
6,0.02,0.8,0.6,1,9.427875518798828,9.586921691894531,0.3655048608779907,278
6,0.02,0.8,0.6,3,9.417901992797852,9.54630184173584,0.3687244653701782,289
6,0.02,0.8,0.6,5,9.4071683883667,9.580623626708984,0.36479681730270386,258
6,0.02,0.8,0.6,10,9.416463851928711,9.52286148071289,0.3703365921974182,258
6,0.02,0.8,0.7,1,9.425138473510742,9.546111106872559,0.36879104375839233,237
6,0.02,0.8,0.7,3,9.480897903442383,9.564361572265625,0.36673277616500854,235
6,0.02,0.8,0.7,5,9.45708179473877,9.572999000549316,0.3683472275733948,235
6,0.02,0.8,0.7,10,9.457582473754883,9.520577430725098,0.3680833578109741,241
6,0.02,0.8,0.8,1,9.440814018249512,9.542230606079102,0.36933279037475586,259
6,0.02,0.8,0.8,3,9.451075553894043,9.547163963317871,0.371240496635437,259
6,0.02,0.8,0.8,5,9.449666976928711,9.50601577758789,0.37425172328948975,263
6,0.02,0.8,0.8,10,9.466160774230957,9.491098403930664,0.3738611936569214,235
6,0.03,0.6,0.6,1,9.471260070800781,9.588478088378906,0.3651144504547119,155
6,0.03,0.6,0.6,3,9.414648056030273,9.606586456298828,0.3630298972129822,190
6,0.03,0.6,0.6,5,9.511800765991211,9.635123252868652,0.3620157837867737,126
6,0.03,0.6,0.6,10,9.476278305053711,9.54518985748291,0.371673583984375,189
6,0.03,0.6,0.7,1,9.496328353881836,9.596089363098145,0.35996222496032715,208
6,0.03,0.6,0.7,3,9.444928169250488,9.585733413696289,0.35884159803390503,171
6,0.03,0.6,0.7,5,9.425210952758789,9.550930976867676,0.365847110748291,232
6,0.03,0.6,0.7,10,9.491225242614746,9.588805198669434,0.3620542883872986,177
6,0.03,0.6,0.8,1,9.555691719055176,9.54241943359375,0.3663278818130493,171
6,0.03,0.6,0.8,3,9.548384666442871,9.534146308898926,0.36960482597351074,179
6,0.03,0.6,0.8,5,9.536795616149902,9.579817771911621,0.3619949221611023,226
6,0.03,0.6,0.8,10,9.577549934387207,9.49195671081543,0.3721922039985657,179
6,0.03,0.7,0.6,1,9.481139183044434,9.586613655090332,0.3591230511665344,126
6,0.03,0.7,0.6,3,9.423920631408691,9.553126335144043,0.3638347387313843,170
6,0.03,0.7,0.6,5,9.478407859802246,9.523359298706055,0.36710238456726074,178
6,0.03,0.7,0.6,10,9.462523460388184,9.500560760498047,0.3703964948654175,177
6,0.03,0.7,0.7,1,9.492249488830566,9.496858596801758,0.3700597882270813,161
6,0.03,0.7,0.7,3,9.448529243469238,9.467914581298828,0.3736492395401001,240
6,0.03,0.7,0.7,5,9.518600463867188,9.49564266204834,0.3721131682395935,159
6,0.03,0.7,0.7,10,9.460091590881348,9.447491645812988,0.3770121932029724,217
6,0.03,0.7,0.8,1,9.498796463012695,9.510980606079102,0.36952346563339233,156
6,0.03,0.7,0.8,3,9.506142616271973,9.537805557250977,0.368116557598114,132
6,0.03,0.7,0.8,5,9.426553726196289,9.514930725097656,0.3662189841270447,162
6,0.03,0.7,0.8,10,9.449831008911133,9.442708969116211,0.3723389506340027,145
6,0.03,0.8,0.6,1,9.478231430053711,9.564035415649414,0.3659079074859619,202
6,0.03,0.8,0.6,3,9.457423210144043,9.579656600952148,0.3627433776855469,180
6,0.03,0.8,0.6,5,9.43120288848877,9.545504570007324,0.36692380905151367,145
6,0.03,0.8,0.6,10,9.441370964050293,9.538080215454102,0.3678020238876343,211
6,0.03,0.8,0.7,1,9.495674133300781,9.556913375854492,0.3658348321914673,155
6,0.03,0.8,0.7,3,9.505166053771973,9.585986137390137,0.35779279470443726,130
6,0.03,0.8,0.7,5,9.490456581115723,9.513859748840332,0.36950987577438354,135
6,0.03,0.8,0.7,10,9.45467758178711,9.466165542602539,0.37269818782806396,216
6,0.03,0.8,0.8,1,9.455549240112305,9.593160629272461,0.3668854832649231,165
6,0.03,0.8,0.8,3,9.446585655212402,9.522096633911133,0.3719061613082886,124
6,0.03,0.8,0.8,5,9.441364288330078,9.539094924926758,0.3728339672088623,124
6,0.03,0.8,0.8,10,9.468550682067871,9.45473575592041,0.3749855160713196,165
6,0.05,0.6,0.6,1,9.41757583618164,9.688953399658203,0.35300832986831665,98
6,0.05,0.6,0.6,3,9.406026840209961,9.607028007507324,0.36158430576324463,134
6,0.05,0.6,0.6,5,9.42322063446045,9.597079277038574,0.36183708906173706,92
6,0.05,0.6,0.6,10,9.453892707824707,9.59635066986084,0.3599368929862976,92
6,0.05,0.6,0.7,1,9.476778984069824,9.591198921203613,0.3593783974647522,82
6,0.05,0.6,0.7,3,9.422464370727539,9.577964782714844,0.3602117896080017,125
6,0.05,0.6,0.7,5,9.451475143432617,9.623282432556152,0.3621169328689575,124
6,0.05,0.6,0.7,10,9.436318397521973,9.578651428222656,0.35904115438461304,89
6,0.05,0.6,0.8,1,9.474736213684082,9.65767765045166,0.3535904288291931,97
6,0.05,0.6,0.8,3,9.487275123596191,9.620809555053711,0.3578929305076599,109
6,0.05,0.6,0.8,5,9.527763366699219,9.596529960632324,0.35726189613342285,92
6,0.05,0.6,0.8,10,9.454312324523926,9.57026481628418,0.35772716999053955,138
6,0.05,0.7,0.6,1,9.538569450378418,9.623920440673828,0.356120765209198,119
6,0.05,0.7,0.6,3,9.520790100097656,9.588086128234863,0.3589521050453186,118
6,0.05,0.7,0.6,5,9.394023895263672,9.608549118041992,0.3528822660446167,173
6,0.05,0.7,0.6,10,9.466075897216797,9.584628105163574,0.36188435554504395,139
6,0.05,0.7,0.7,1,9.490792274475098,9.6072359085083,0.36116957664489746,86
6,0.05,0.7,0.7,3,9.53139591217041,9.534180641174316,0.35811352729797363,160
6,0.05,0.7,0.7,5,9.418423652648926,9.551012992858887,0.3621547818183899,124
6,0.05,0.7,0.7,10,9.504389762878418,9.54523754119873,0.3624333143234253,77
6,0.05,0.7,0.8,1,9.479642868041992,9.521889686584473,0.3713102340698242,80
6,0.05,0.7,0.8,3,9.471659660339355,9.528367042541504,0.36379534006118774,124
6,0.05,0.7,0.8,5,9.509725570678711,9.473479270935059,0.37291502952575684,64
6,0.05,0.7,0.8,10,9.509912490844727,9.474660873413086,0.3715645670890808,86
6,0.05,0.8,0.6,1,9.4137601852417,9.650592803955078,0.35032081604003906,124
6,0.05,0.8,0.6,3,9.493882179260254,9.568525314331055,0.3568480610847473,108
6,0.05,0.8,0.6,5,9.454883575439453,9.636902809143066,0.3566776514053345,140
6,0.05,0.8,0.6,10,9.42348575592041,9.542891502380371,0.36763304471969604,133
6,0.05,0.8,0.7,1,9.425169944763184,9.672176361083984,0.3551638126373291,117
6,0.05,0.8,0.7,3,9.488333702087402,9.705095291137695,0.3560327887535095,108
6,0.05,0.8,0.7,5,9.489729881286621,9.684700965881348,0.35519373416900635,132
6,0.05,0.8,0.7,10,9.435047149658203,9.547959327697754,0.36369556188583374,99
6,0.05,0.8,0.8,1,9.509490966796875,9.490509986877441,0.3712958097457886,99
6,0.05,0.8,0.8,3,9.508872985839844,9.643951416015625,0.3605491518974304,96
6,0.05,0.8,0.8,5,9.529033660888672,9.463126182556152,0.37975072860717773,98
6,0.05,0.8,0.8,10,9.534781455993652,9.485480308532715,0.3692789077758789,77
7,0.005,0.6,0.6,1,9.491865158081055,9.575860023498535,0.36627185344696045,948
7,0.005,0.6,0.6,3,9.484190940856934,9.555320739746094,0.36815905570983887,989
7,0.005,0.6,0.6,5,9.455549240112305,9.563179969787598,0.36770176887512207,987
7,0.005,0.6,0.6,10,9.48876667022705,9.501872062683105,0.3729053735733032,856
7,0.005,0.6,0.7,1,9.48984146118164,9.579771995544434,0.3641405701637268,984
7,0.005,0.6,0.7,3,9.4962739944458,9.565129280090332,0.3665674924850464,884
7,0.005,0.6,0.7,5,9.480013847351074,9.537259101867676,0.367581844329834,913
7,0.005,0.6,0.7,10,9.455689430236816,9.510553359985352,0.3705255389213562,985
7,0.005,0.6,0.8,1,9.488162994384766,9.546099662780762,0.36965733766555786,885
7,0.005,0.6,0.8,3,9.468955993652344,9.549019813537598,0.367423951625824,884
7,0.005,0.6,0.8,5,9.466313362121582,9.527497291564941,0.3699348568916321,955
7,0.005,0.6,0.8,10,9.446178436279297,9.477972030639648,0.3741196393966675,884
7,0.005,0.7,0.6,1,9.496336936950684,9.586725234985352,0.36501604318618774,942
7,0.005,0.7,0.6,3,9.500100135803223,9.589090347290039,0.36561155319213867,945
7,0.005,0.7,0.6,5,9.50536823272705,9.54348087310791,0.36980676651000977,940
7,0.005,0.7,0.6,10,9.472604751586914,9.526769638061523,0.37021738290786743,999
7,0.005,0.7,0.7,1,9.500516891479492,9.536323547363281,0.3706285357475281,895
7,0.005,0.7,0.7,3,9.485517501831055,9.540924072265625,0.3704802989959717,896
7,0.005,0.7,0.7,5,9.497994422912598,9.526403427124023,0.37113237380981445,861
7,0.005,0.7,0.7,10,9.490119934082031,9.50537109375,0.3732488751411438,810
7,0.005,0.7,0.8,1,9.512642860412598,9.522102355957031,0.37222152948379517,859
7,0.005,0.7,0.8,3,9.505234718322754,9.51457405090332,0.3720213770866394,984
7,0.005,0.7,0.8,5,9.486222267150879,9.518585205078125,0.3714023232460022,904
7,0.005,0.7,0.8,10,9.476945877075195,9.478569984436035,0.3737126588821411,807
7,0.005,0.8,0.6,1,9.501644134521484,9.605749130249023,0.36518943309783936,915
7,0.005,0.8,0.6,3,9.497701644897461,9.597427368164062,0.36626243591308594,907
7,0.005,0.8,0.6,5,9.48111343383789,9.56662654876709,0.36778151988983154,916
7,0.005,0.8,0.6,10,9.489538192749023,9.54432487487793,0.3698306679725647,875
7,0.005,0.8,0.7,1,9.507547378540039,9.590003967285156,0.36575812101364136,868
7,0.005,0.8,0.7,3,9.507920265197754,9.581945419311523,0.3659800887107849,939
7,0.005,0.8,0.7,5,9.49992561340332,9.540066719055176,0.3695834279060364,887
7,0.005,0.8,0.7,10,9.498538970947266,9.507628440856934,0.3731881380081177,878
7,0.005,0.8,0.8,1,9.513455390930176,9.574666976928711,0.36850863695144653,855
7,0.005,0.8,0.8,3,9.488017082214355,9.559784889221191,0.36896270513534546,876
7,0.005,0.8,0.8,5,9.518950462341309,9.522231101989746,0.3714160919189453,739
7,0.005,0.8,0.8,10,9.46614933013916,9.485740661621094,0.3759349584579468,869
7,0.01,0.6,0.6,1,9.524872779846191,9.619919776916504,0.3634842038154602,420
7,0.01,0.6,0.6,3,9.50035285949707,9.62458324432373,0.36305397748947144,420
7,0.01,0.6,0.6,5,9.482490539550781,9.592777252197266,0.3652080297470093,536
7,0.01,0.6,0.6,10,9.457138061523438,9.542179107666016,0.3679813742637634,535
7,0.01,0.6,0.7,1,9.502795219421387,9.608469009399414,0.36077725887298584,445
7,0.01,0.6,0.7,3,9.517539978027344,9.619991302490234,0.36166173219680786,376
7,0.01,0.6,0.7,5,9.502777099609375,9.602178573608398,0.36085712909698486,451
7,0.01,0.6,0.7,10,9.429335594177246,9.504776954650879,0.3717215657234192,537
7,0.01,0.6,0.8,1,9.526864051818848,9.605541229248047,0.35940229892730713,416
7,0.01,0.6,0.8,3,9.509027481079102,9.602094650268555,0.361860454082489,431
7,0.01,0.6,0.8,5,9.51449203491211,9.557526588439941,0.36638903617858887,405
7,0.01,0.6,0.8,10,9.457959175109863,9.482181549072266,0.3710290789604187,431
7,0.01,0.7,0.6,1,9.531660079956055,9.554596900939941,0.36867403984069824,477
7,0.01,0.7,0.6,3,9.50391674041748,9.578689575195312,0.3672277331352234,475
7,0.01,0.7,0.6,5,9.488208770751953,9.555856704711914,0.36677610874176025,542
7,0.01,0.7,0.6,10,9.470512390136719,9.52155590057373,0.37008029222488403,490
7,0.01,0.7,0.7,1,9.471282958984375,9.551060676574707,0.3671782612800598,476
7,0.01,0.7,0.7,3,9.504326820373535,9.560970306396484,0.3652258515357971,519
7,0.01,0.7,0.7,5,9.52920913696289,9.533190727233887,0.3693411350250244,470
7,0.01,0.7,0.7,10,9.475380897521973,9.492915153503418,0.37250590324401855,439
7,0.01,0.7,0.8,1,9.515098571777344,9.507777214050293,0.372502863407135,586
7,0.01,0.7,0.8,3,9.540079116821289,9.490168571472168,0.3721117377281189,501
7,0.01,0.7,0.8,5,9.482909202575684,9.470863342285156,0.375408411026001,481
7,0.01,0.7,0.8,10,9.509161949157715,9.478111267089844,0.3718263506889343,483
7,0.01,0.8,0.6,1,9.462760925292969,9.59245777130127,0.36597132682800293,422
7,0.01,0.8,0.6,3,9.481182098388672,9.623627662658691,0.3630995750427246,363
7,0.01,0.8,0.6,5,9.480865478515625,9.594324111938477,0.36530327796936035,425
7,0.01,0.8,0.6,10,9.456165313720703,9.552688598632812,0.36937081813812256,459
7,0.01,0.8,0.7,1,9.498251914978027,9.582118034362793,0.3646170496940613,422
7,0.01,0.8,0.7,3,9.492788314819336,9.600200653076172,0.36166828870773315,417
7,0.01,0.8,0.7,5,9.526049613952637,9.53632640838623,0.36755019426345825,448
7,0.01,0.8,0.7,10,9.474823951721191,9.519990921020508,0.36940908432006836,502
7,0.01,0.8,0.8,1,9.46228313446045,9.557672500610352,0.3698924779891968,425
7,0.01,0.8,0.8,3,9.453877449035645,9.539144515991211,0.36765748262405396,458
7,0.01,0.8,0.8,5,9.483649253845215,9.505719184875488,0.3718401789665222,473
7,0.01,0.8,0.8,10,9.473490715026855,9.477618217468262,0.37602829933166504,423
7,0.02,0.6,0.6,1,9.495244979858398,9.575654029846191,0.35982638597488403,240
7,0.02,0.6,0.6,3,9.489150047302246,9.634949684143066,0.3525853753089905,267
7,0.02,0.6,0.6,5,9.491241455078125,9.598729133605957,0.3579619526863098,209
7,0.02,0.6,0.6,10,9.468122482299805,9.54504680633545,0.3661731481552124,222
7,0.02,0.6,0.7,1,9.500981330871582,9.571118354797363,0.36354970932006836,227
7,0.02,0.6,0.7,3,9.486973762512207,9.6097993850708,0.3576733469963074,320
7,0.02,0.6,0.7,5,9.57673168182373,9.595111846923828,0.3615887761116028,239
7,0.02,0.6,0.7,10,9.496176719665527,9.53626823425293,0.3672568202018738,232
7,0.02,0.6,0.8,1,9.522144317626953,9.559443473815918,0.3619491457939148,273
7,0.02,0.6,0.8,3,9.499829292297363,9.510107040405273,0.3700498342514038,256
7,0.02,0.6,0.8,5,9.433649063110352,9.515486717224121,0.36904603242874146,339
7,0.02,0.6,0.8,10,9.50013256072998,9.533642768859863,0.36807703971862793,245
7,0.02,0.7,0.6,1,9.558701515197754,9.52802562713623,0.3691316246986389,252
7,0.02,0.7,0.6,3,9.496759414672852,9.551959037780762,0.3682798147201538,270
7,0.02,0.7,0.6,5,9.510705947875977,9.549202919006348,0.36376452445983887,259
7,0.02,0.7,0.6,10,9.52450942993164,9.522852897644043,0.3687307834625244,258
7,0.02,0.7,0.7,1,9.492276191711426,9.54703140258789,0.37088483572006226,207
7,0.02,0.7,0.7,3,9.480792045593262,9.589887619018555,0.3643953800201416,299
7,0.02,0.7,0.7,5,9.460497856140137,9.509698867797852,0.3720516562461853,265
7,0.02,0.7,0.7,10,9.513168334960938,9.479071617126465,0.37332409620285034,252
7,0.02,0.7,0.8,1,9.514032363891602,9.57487678527832,0.3614131212234497,241
7,0.02,0.7,0.8,3,9.50997257232666,9.577388763427734,0.3614063262939453,252
7,0.02,0.7,0.8,5,9.470304489135742,9.503876686096191,0.36959582567214966,243
7,0.02,0.7,0.8,10,9.473153114318848,9.512964248657227,0.36647486686706543,233
7,0.02,0.8,0.6,1,9.511493682861328,9.63514232635498,0.3615722060203552,231
7,0.02,0.8,0.6,3,9.487922668457031,9.643707275390625,0.3578713536262512,216
7,0.02,0.8,0.6,5,9.393263816833496,9.590243339538574,0.36241447925567627,285
7,0.02,0.8,0.6,10,9.473544120788574,9.584221839904785,0.3660704493522644,258
7,0.02,0.8,0.7,1,9.54321575164795,9.649147033691406,0.3583641052246094,256
7,0.02,0.8,0.7,3,9.520134925842285,9.646058082580566,0.35998815298080444,257
7,0.02,0.8,0.7,5,9.508898735046387,9.630248069763184,0.36385631561279297,240
7,0.02,0.8,0.7,10,9.500107765197754,9.555591583251953,0.36728906631469727,306
7,0.02,0.8,0.8,1,9.484355926513672,9.623117446899414,0.36665070056915283,204
7,0.02,0.8,0.8,3,9.518685340881348,9.588935852050781,0.36888134479522705,224
7,0.02,0.8,0.8,5,9.498566627502441,9.52480697631836,0.37186551094055176,285
7,0.02,0.8,0.8,10,9.476897239685059,9.510856628417969,0.3730175495147705,240
7,0.03,0.6,0.6,1,9.479459762573242,9.759163856506348,0.34518444538116455,164
7,0.03,0.6,0.6,3,9.490800857543945,9.720438957214355,0.3515428900718689,159
7,0.03,0.6,0.6,5,9.45039176940918,9.598930358886719,0.3594970703125,223
7,0.03,0.6,0.6,10,9.501748085021973,9.611871719360352,0.35925763845443726,142
7,0.03,0.6,0.7,1,9.514277458190918,9.673807144165039,0.3530849814414978,140
7,0.03,0.6,0.7,3,9.450329780578613,9.676076889038086,0.3519865870475769,201
7,0.03,0.6,0.7,5,9.4591064453125,9.594121932983398,0.3591575622558594,164
7,0.03,0.6,0.7,10,9.476366996765137,9.564257621765137,0.362321674823761,207
7,0.03,0.6,0.8,1,9.61020278930664,9.640094757080078,0.36068403720855713,137
7,0.03,0.6,0.8,3,9.557848930358887,9.586820602416992,0.36546117067337036,148
7,0.03,0.6,0.8,5,9.546085357666016,9.56629467010498,0.3616441488265991,150
7,0.03,0.6,0.8,10,9.497405052185059,9.507906913757324,0.37065011262893677,229
7,0.03,0.7,0.6,1,9.499956130981445,9.580076217651367,0.3632856607437134,159
7,0.03,0.7,0.6,3,9.511042594909668,9.544268608093262,0.37053656578063965,118
7,0.03,0.7,0.6,5,9.483841896057129,9.559720039367676,0.36532139778137207,194
7,0.03,0.7,0.6,10,9.462789535522461,9.484573364257812,0.36967480182647705,209
7,0.03,0.7,0.7,1,9.539267539978027,9.520478248596191,0.3670462965965271,170
7,0.03,0.7,0.7,3,9.53532886505127,9.513473510742188,0.3667152523994446,162
7,0.03,0.7,0.7,5,9.561421394348145,9.526811599731445,0.3678121566772461,124
7,0.03,0.7,0.7,10,9.506568908691406,9.403615951538086,0.37662971019744873,129
7,0.03,0.7,0.8,1,9.558666229248047,9.627603530883789,0.3581480383872986,119
7,0.03,0.7,0.8,3,9.51854133605957,9.546037673950195,0.3650931119918823,183
7,0.03,0.7,0.8,5,9.565544128417969,9.530271530151367,0.36945295333862305,124
7,0.03,0.7,0.8,10,9.516805648803711,9.46137809753418,0.37101274728775024,159
7,0.03,0.8,0.6,1,9.498445510864258,9.6726655960083,0.35677629709243774,217
7,0.03,0.8,0.6,3,9.4718599319458,9.694051742553711,0.3544842600822449,173
7,0.03,0.8,0.6,5,9.502575874328613,9.63688850402832,0.361327588558197,183
7,0.03,0.8,0.6,10,9.497354507446289,9.570399284362793,0.36490386724472046,155
7,0.03,0.8,0.7,1,9.56290054321289,9.530335426330566,0.36579054594039917,164
7,0.03,0.8,0.7,3,9.57388973236084,9.605870246887207,0.3604447841644287,130
7,0.03,0.8,0.7,5,9.545194625854492,9.532071113586426,0.3682482838630676,163
7,0.03,0.8,0.7,10,9.514989852905273,9.517422676086426,0.3691728115081787,130
7,0.03,0.8,0.8,1,9.58170223236084,9.648655891418457,0.36067473888397217,159
7,0.03,0.8,0.8,3,9.559560775756836,9.607806205749512,0.36459916830062866,150
7,0.03,0.8,0.8,5,9.535207748413086,9.567634582519531,0.36746877431869507,148
7,0.03,0.8,0.8,10,9.496811866760254,9.55616283416748,0.36717796325683594,121
7,0.05,0.6,0.6,1,9.4357271194458,9.760499954223633,0.3389465808868408,113
7,0.05,0.6,0.6,3,9.43189525604248,9.623766899108887,0.35427916049957275,77
7,0.05,0.6,0.6,5,9.491922378540039,9.713751792907715,0.3458458185195923,113
7,0.05,0.6,0.6,10,9.471352577209473,9.531889915466309,0.3687301278114319,92
7,0.05,0.6,0.7,1,9.46799373626709,9.69729995727539,0.35108423233032227,120
7,0.05,0.6,0.7,3,9.48203182220459,9.670970916748047,0.35246986150741577,108
7,0.05,0.6,0.7,5,9.511734962463379,9.591337203979492,0.3607019782066345,134
7,0.05,0.6,0.7,10,9.438071250915527,9.641196250915527,0.3564513921737671,77
7,0.05,0.6,0.8,1,9.59898853302002,9.63060188293457,0.3597884178161621,90
7,0.05,0.6,0.8,3,9.54612922668457,9.71616268157959,0.341461181640625,126
7,0.05,0.6,0.8,5,9.586957931518555,9.693535804748535,0.3489747643470764,114
7,0.05,0.6,0.8,10,9.497479438781738,9.61023235321045,0.355726957321167,90
7,0.05,0.7,0.6,1,9.488890647888184,9.693007469177246,0.3478548526763916,147
7,0.05,0.7,0.6,3,9.520352363586426,9.617171287536621,0.3524981737136841,123
7,0.05,0.7,0.6,5,9.583525657653809,9.728212356567383,0.35113877058029175,71
7,0.05,0.7,0.6,10,9.517943382263184,9.6127290725708,0.3542954921722412,74
7,0.05,0.7,0.7,1,9.549076080322266,9.63575267791748,0.35253167152404785,109
7,0.05,0.7,0.7,3,9.550066947937012,9.621623992919922,0.35753703117370605,128
7,0.05,0.7,0.7,5,9.547096252441406,9.699872016906738,0.35197609663009644,119
7,0.05,0.7,0.7,10,9.502035140991211,9.490950584411621,0.3707848787307739,112
7,0.05,0.7,0.8,1,9.577372550964355,9.591309547424316,0.3622089624404907,65
7,0.05,0.7,0.8,3,9.597545623779297,9.535465240478516,0.367687463760376,73
7,0.05,0.7,0.8,5,9.627245903015137,9.5739164352417,0.3683018684387207,73
7,0.05,0.7,0.8,10,9.497663497924805,9.58547592163086,0.36937040090560913,73
7,0.05,0.8,0.6,1,9.530908584594727,9.678844451904297,0.3518051505088806,83
7,0.05,0.8,0.6,3,9.54333782196045,9.652388572692871,0.35110223293304443,121
7,0.05,0.8,0.6,5,9.524646759033203,9.619927406311035,0.35815006494522095,109
7,0.05,0.8,0.6,10,9.483611106872559,9.622957229614258,0.35381221771240234,130
7,0.05,0.8,0.7,1,9.56918716430664,9.632428169250488,0.36286240816116333,101
7,0.05,0.8,0.7,3,9.53182315826416,9.649922370910645,0.35739070177078247,130
7,0.05,0.8,0.7,5,9.514753341674805,9.621992111206055,0.36351048946380615,112
7,0.05,0.8,0.7,10,9.52380657196045,9.558698654174805,0.36325544118881226,96
7,0.05,0.8,0.8,1,9.49872875213623,9.580550193786621,0.36551785469055176,94
7,0.05,0.8,0.8,3,9.590251922607422,9.68006420135498,0.35962730646133423,62
7,0.05,0.8,0.8,5,9.521626472473145,9.635963439941406,0.3612469434738159,96
7,0.05,0.8,0.8,10,9.49865436553955,9.527312278747559,0.36829203367233276,76
