feat_set,max_depth,learning_rate,subsample,colsample_bytree,min_child_weight,val_mae,test_mae,test_mse,test_r2,trees,reg_alpha,reg_lambda
L1+L5_base,3,0.005,0.6,0.6,1,10.561120986938477,10.575071334838867,184.740478515625,0.2625574469566345,842,,
L1+L5_base,3,0.005,0.6,0.6,3,10.5508451461792,10.565205574035645,184.52072143554688,0.2634347081184387,1134,,
L1+L5_base,3,0.005,0.6,0.6,5,10.550609588623047,10.566734313964844,184.58290100097656,0.2631864547729492,1129,,
L1+L5_base,3,0.005,0.6,0.6,10,10.550982475280762,10.563791275024414,184.4779815673828,0.2636052370071411,1141,,
L1+L5_base,3,0.005,0.6,0.7,1,10.565775871276855,10.57249641418457,184.7990264892578,0.2623237371444702,845,,
L1+L5_base,3,0.005,0.6,0.7,3,10.564550399780273,10.571186065673828,184.75177001953125,0.2625123858451843,835,,
L1+L5_base,3,0.005,0.6,0.7,5,10.552397727966309,10.563810348510742,184.66635131835938,0.26285332441329956,1128,,
L1+L5_base,3,0.005,0.6,0.7,10,10.559921264648438,10.557438850402832,184.4709014892578,0.26363348960876465,1136,,
L1+L5_base,3,0.005,0.6,0.8,1,10.572968482971191,10.576889991760254,185.0036163330078,0.2615070343017578,715,,
L1+L5_base,3,0.005,0.6,0.8,3,10.573987007141113,10.578346252441406,185.02935791015625,0.26140427589416504,715,,
L1+L5_base,3,0.005,0.6,0.8,5,10.572206497192383,10.578752517700195,185.02073669433594,0.2614387273788452,717,,
L1+L5_base,3,0.005,0.6,0.8,10,10.57349967956543,10.576908111572266,184.90870666503906,0.2618858814239502,720,,
L1+L5_base,3,0.005,0.7,0.6,1,10.564594268798828,10.573127746582031,184.889892578125,0.26196104288101196,927,,
L1+L5_base,3,0.005,0.7,0.6,3,10.5635404586792,10.5751371383667,184.91343688964844,0.2618669867515564,928,,
L1+L5_base,3,0.005,0.7,0.6,5,10.562885284423828,10.578497886657715,184.98606872558594,0.2615770697593689,928,,
L1+L5_base,3,0.005,0.7,0.6,10,10.564939498901367,10.574174880981445,184.8678741455078,0.2620489001274109,928,,
L1+L5_base,3,0.005,0.7,0.7,1,10.5619535446167,10.571717262268066,184.8758087158203,0.2620171904563904,922,,
L1+L5_base,3,0.005,0.7,0.7,3,10.565519332885742,10.571709632873535,184.8358154296875,0.26217687129974365,928,,
L1+L5_base,3,0.005,0.7,0.7,5,10.558371543884277,10.566715240478516,184.73635864257812,0.26257389783859253,1142,,
L1+L5_base,3,0.005,0.7,0.7,10,10.568115234375,10.569969177246094,184.6859893798828,0.2627749443054199,854,,
L1+L5_base,3,0.005,0.7,0.8,1,10.555328369140625,10.568641662597656,184.7352752685547,0.26257818937301636,1290,,
L1+L5_base,3,0.005,0.7,0.8,3,10.558899879455566,10.565032005310059,184.6794891357422,0.2628008723258972,1139,,
L1+L5_base,3,0.005,0.7,0.8,5,10.553717613220215,10.570027351379395,184.7602996826172,0.2624782919883728,1322,,
L1+L5_base,3,0.005,0.7,0.8,10,10.561444282531738,10.57451343536377,184.80694580078125,0.26229214668273926,1142,,
L1+L5_base,3,0.005,0.8,0.6,1,10.563739776611328,10.583063125610352,185.16940307617188,0.2608453035354614,858,,
L1+L5_base,3,0.005,0.8,0.6,3,10.562825202941895,10.580795288085938,185.11585998535156,0.2610589861869812,858,,
L1+L5_base,3,0.005,0.8,0.6,5,10.56472110748291,10.580239295959473,185.072021484375,0.2612340450286865,856,,
L1+L5_base,3,0.005,0.8,0.6,10,10.567615509033203,10.58039665222168,185.08656311035156,0.2611759901046753,858,,
L1+L5_base,3,0.005,0.8,0.7,1,10.566723823547363,10.582568168640137,185.1873016357422,0.26077377796173096,856,,
L1+L5_base,3,0.005,0.8,0.7,3,10.565285682678223,10.582582473754883,185.16334533691406,0.26086944341659546,856,,
L1+L5_base,3,0.005,0.8,0.7,5,10.565740585327148,10.581435203552246,185.14353942871094,0.2609485387802124,856,,
L1+L5_base,3,0.005,0.8,0.7,10,10.56380558013916,10.57886028289795,185.14732360839844,0.26093339920043945,858,,
L1+L5_base,3,0.005,0.8,0.8,1,10.577035903930664,10.581629753112793,185.19192504882812,0.26075536012649536,856,,
L1+L5_base,3,0.005,0.8,0.8,3,10.581764221191406,10.588000297546387,185.33799743652344,0.2601723074913025,770,,
L1+L5_base,3,0.005,0.8,0.8,5,10.576050758361816,10.578452110290527,185.0719757080078,0.2612341642379761,856,,
L1+L5_base,3,0.005,0.8,0.8,10,10.576682090759277,10.57917594909668,185.1098175048828,0.26108312606811523,858,,
L1+L5_base,3,0.01,0.6,0.6,1,10.56325912475586,10.57927417755127,184.9503936767578,0.2617195248603821,479,,
L1+L5_base,3,0.01,0.6,0.6,3,10.560552597045898,10.578411102294922,184.98428344726562,0.26158422231674194,480,,
L1+L5_base,3,0.01,0.6,0.6,5,10.56333065032959,10.576346397399902,184.9200439453125,0.26184070110321045,480,,
L1+L5_base,3,0.01,0.6,0.6,10,10.562042236328125,10.579540252685547,184.91827392578125,0.26184773445129395,507,,
L1+L5_base,3,0.01,0.6,0.7,1,10.556822776794434,10.569896697998047,184.78465270996094,0.26238107681274414,483,,
L1+L5_base,3,0.01,0.6,0.7,3,10.557971000671387,10.564319610595703,184.67950439453125,0.2628008723258972,483,,
L1+L5_base,3,0.01,0.6,0.7,5,10.56230640411377,10.563080787658691,184.58604431152344,0.2631738781929016,505,,
L1+L5_base,3,0.01,0.6,0.7,10,10.562710762023926,10.561930656433105,184.53050231933594,0.26339566707611084,481,,
L1+L5_base,3,0.01,0.6,0.8,1,10.562787055969238,10.571402549743652,184.7727813720703,0.26242852210998535,505,,
L1+L5_base,3,0.01,0.6,0.8,3,10.561378479003906,10.567975044250488,184.8382110595703,0.2621672749519348,505,,
L1+L5_base,3,0.01,0.6,0.8,5,10.563700675964355,10.570927619934082,184.90220642089844,0.26191186904907227,505,,
L1+L5_base,3,0.01,0.6,0.8,10,10.564498901367188,10.561144828796387,184.54380798339844,0.2633424997329712,512,,
L1+L5_base,3,0.01,0.7,0.6,1,10.552424430847168,10.5802640914917,185.25225830078125,0.2605145573616028,699,,
L1+L5_base,3,0.01,0.7,0.6,3,10.554535865783691,10.58211898803711,185.3633575439453,0.2600710391998291,694,,
L1+L5_base,3,0.01,0.7,0.6,5,10.55268383026123,10.575583457946777,185.09762573242188,0.26113176345825195,660,,
L1+L5_base,3,0.01,0.7,0.6,10,10.569368362426758,10.57260513305664,184.84649658203125,0.26213425397872925,411,,
L1+L5_base,3,0.01,0.7,0.7,1,10.538949966430664,10.577094078063965,185.0533905029297,0.26130837202072144,708,,
L1+L5_base,3,0.01,0.7,0.7,3,10.558317184448242,10.571478843688965,184.96533203125,0.2616598606109619,521,,
L1+L5_base,3,0.01,0.7,0.7,5,10.543885231018066,10.576906204223633,185.17727661132812,0.2608138918876648,692,,
L1+L5_base,3,0.01,0.7,0.7,10,10.542030334472656,10.572128295898438,184.816650390625,0.26225340366363525,708,,
L1+L5_base,3,0.01,0.7,0.8,1,10.554544448852539,10.585227966308594,185.34632873535156,0.2601390480995178,685,,
L1+L5_base,3,0.01,0.7,0.8,3,10.56641960144043,10.569140434265137,184.8907928466797,0.26195740699768066,519,,
L1+L5_base,3,0.01,0.7,0.8,5,10.565664291381836,10.574634552001953,185.01007080078125,0.26148128509521484,519,,
L1+L5_base,3,0.01,0.7,0.8,10,10.569519996643066,10.572649955749512,184.82408142089844,0.2622237205505371,501,,
L1+L5_base,3,0.01,0.8,0.6,1,10.539353370666504,10.595917701721191,185.71099853515625,0.25868338346481323,794,,
L1+L5_base,3,0.01,0.8,0.6,3,10.545793533325195,10.584386825561523,185.39645385742188,0.25993895530700684,596,,
L1+L5_base,3,0.01,0.8,0.6,5,10.544180870056152,10.588177680969238,185.4647674560547,0.25966620445251465,590,,
L1+L5_base,3,0.01,0.8,0.6,10,10.54678726196289,10.587563514709473,185.49813842773438,0.2595330476760864,714,,
L1+L5_base,3,0.01,0.8,0.7,1,10.558487892150879,10.581071853637695,185.076171875,0.2612174153327942,607,,
L1+L5_base,3,0.01,0.8,0.7,3,10.553336143493652,10.587599754333496,185.255126953125,0.26050305366516113,701,,
L1+L5_base,3,0.01,0.8,0.7,5,10.550370216369629,10.590095520019531,185.3899383544922,0.2599649429321289,701,,
L1+L5_base,3,0.01,0.8,0.7,10,10.558732032775879,10.581816673278809,185.25198364257812,0.26051563024520874,576,,
L1+L5_base,3,0.01,0.8,0.8,1,10.553811073303223,10.603273391723633,185.6969451904297,0.2587394714355469,615,,
L1+L5_base,3,0.01,0.8,0.8,3,10.55670166015625,10.603449821472168,185.7523956298828,0.2585180997848511,701,,
L1+L5_base,3,0.01,0.8,0.8,5,10.550162315368652,10.61348819732666,186.08445739746094,0.25719255208969116,781,,
L1+L5_base,3,0.01,0.8,0.8,10,10.54714298248291,10.600348472595215,185.54978942871094,0.25932687520980835,822,,
L1+L5_base,3,0.02,0.6,0.6,1,10.551597595214844,10.569823265075684,184.6689453125,0.2628430128097534,271,,
L1+L5_base,3,0.02,0.6,0.6,3,10.553794860839844,10.5778169631958,184.86497497558594,0.2620604634284973,271,,
L1+L5_base,3,0.02,0.6,0.6,5,10.553793907165527,10.569209098815918,184.6262969970703,0.26301324367523193,271,,
L1+L5_base,3,0.02,0.6,0.6,10,10.55656909942627,10.56479263305664,184.50489807128906,0.26349782943725586,271,,
L1+L5_base,3,0.02,0.6,0.7,1,10.567914962768555,10.589795112609863,185.323974609375,0.2602282166481018,190,,
L1+L5_base,3,0.02,0.6,0.7,3,10.565363883972168,10.581578254699707,184.77760314941406,0.2624092698097229,275,,
L1+L5_base,3,0.02,0.6,0.7,5,10.572235107421875,10.570160865783691,184.5121307373047,0.26346898078918457,275,,
L1+L5_base,3,0.02,0.6,0.7,10,10.574993133544922,10.561871528625488,184.27252197265625,0.2644253969192505,275,,
L1+L5_base,3,0.02,0.6,0.8,1,10.570222854614258,10.583074569702148,184.8559112548828,0.262096643447876,258,,
L1+L5_base,3,0.02,0.6,0.8,3,10.570698738098145,10.584261894226074,184.7992401123047,0.26232290267944336,258,,
L1+L5_base,3,0.02,0.6,0.8,5,10.566993713378906,10.579225540161133,184.72950744628906,0.26260125637054443,258,,
L1+L5_base,3,0.02,0.6,0.8,10,10.570436477661133,10.56557559967041,184.17068481445312,0.26483190059661865,296,,
L1+L5_base,3,0.02,0.7,0.6,1,10.557220458984375,10.553167343139648,184.47897338867188,0.2636013627052307,265,,
L1+L5_base,3,0.02,0.7,0.6,3,10.553851127624512,10.561763763427734,184.6793975830078,0.26280122995376587,282,,
L1+L5_base,3,0.02,0.7,0.6,5,10.556522369384766,10.556618690490723,184.36607360839844,0.26405197381973267,282,,
L1+L5_base,3,0.02,0.7,0.6,10,10.5595121383667,10.559410095214844,184.53622436523438,0.2633727788925171,282,,
L1+L5_base,3,0.02,0.7,0.7,1,10.561525344848633,10.56977367401123,184.8049774169922,0.2623000144958496,290,,
L1+L5_base,3,0.02,0.7,0.7,3,10.559216499328613,10.565728187561035,184.76416015625,0.26246291399002075,284,,
L1+L5_base,3,0.02,0.7,0.7,5,10.562859535217285,10.568351745605469,184.83834838867188,0.2621667981147766,284,,
L1+L5_base,3,0.02,0.7,0.7,10,10.566303253173828,10.561299324035645,184.68678283691406,0.2627717852592468,237,,
L1+L5_base,3,0.02,0.7,0.8,1,10.570826530456543,10.580571174621582,185.1569366455078,0.2608950138092041,282,,
L1+L5_base,3,0.02,0.7,0.8,3,10.567519187927246,10.586551666259766,185.12200927734375,0.26103442907333374,284,,
L1+L5_base,3,0.02,0.7,0.8,5,10.562270164489746,10.582618713378906,185.1312713623047,0.260997474193573,282,,
L1+L5_base,3,0.02,0.7,0.8,10,10.569701194763184,10.566651344299316,185.05535888671875,0.2613005042076111,237,,
L1+L5_base,3,0.02,0.8,0.6,1,10.552964210510254,10.56057357788086,184.44252014160156,0.26374679803848267,282,,
L1+L5_base,3,0.02,0.8,0.6,3,10.548367500305176,10.580218315124512,184.7657928466797,0.26245641708374023,384,,
L1+L5_base,3,0.02,0.8,0.6,5,10.55187702178955,10.560338973999023,184.6157684326172,0.2630552649497986,250,,
L1+L5_base,3,0.02,0.8,0.6,10,10.530573844909668,10.569575309753418,184.71762084960938,0.26264864206314087,384,,
L1+L5_base,3,0.02,0.8,0.7,1,10.540848731994629,10.598912239074707,185.69003295898438,0.2587670683860779,388,,
L1+L5_base,3,0.02,0.8,0.7,3,10.536712646484375,10.597681999206543,185.50430297851562,0.2595084309577942,410,,
L1+L5_base,3,0.02,0.8,0.7,5,10.560583114624023,10.574896812438965,185.04441833496094,0.26134419441223145,230,,
L1+L5_base,3,0.02,0.8,0.7,10,10.55406665802002,10.568005561828613,185.049560546875,0.26132363080978394,225,,
L1+L5_base,3,0.02,0.8,0.8,1,10.55710506439209,10.581451416015625,185.5308380126953,0.2594025135040283,384,,
L1+L5_base,3,0.02,0.8,0.8,3,10.56291389465332,10.562172889709473,184.81948852539062,0.26224201917648315,237,,
L1+L5_base,3,0.02,0.8,0.8,5,10.5524320602417,10.592219352722168,185.67538452148438,0.25882554054260254,377,,
L1+L5_base,3,0.02,0.8,0.8,10,10.562259674072266,10.585639953613281,185.29278564453125,0.2603527903556824,377,,
L1+L5_base,3,0.03,0.6,0.6,1,10.559004783630371,10.609000205993652,185.8237762451172,0.2582331895828247,217,,
L1+L5_base,3,0.03,0.6,0.6,3,10.54665470123291,10.612527847290039,185.79571533203125,0.25834518671035767,267,,
L1+L5_base,3,0.03,0.6,0.6,5,10.542006492614746,10.614062309265137,185.68605041503906,0.25878292322158813,270,,
L1+L5_base,3,0.03,0.6,0.6,10,10.571561813354492,10.594097137451172,185.3367156982422,0.2601774334907532,133,,
L1+L5_base,3,0.03,0.6,0.7,1,10.549351692199707,10.601937294006348,185.51901245117188,0.25944972038269043,190,,
L1+L5_base,3,0.03,0.6,0.7,3,10.54863452911377,10.608048439025879,185.80316162109375,0.25831544399261475,182,,
L1+L5_base,3,0.03,0.6,0.7,5,10.559855461120605,10.610057830810547,185.67330932617188,0.25883376598358154,182,,
L1+L5_base,3,0.03,0.6,0.7,10,10.574591636657715,10.600739479064941,185.58387756347656,0.25919079780578613,188,,
L1+L5_base,3,0.03,0.6,0.8,1,10.548075675964355,10.599678993225098,185.47982788085938,0.25960612297058105,182,,
L1+L5_base,3,0.03,0.6,0.8,3,10.552861213684082,10.615096092224121,185.9384002685547,0.2577756643295288,256,,
L1+L5_base,3,0.03,0.6,0.8,5,10.553910255432129,10.611416816711426,185.8704833984375,0.2580466866493225,221,,
L1+L5_base,3,0.03,0.6,0.8,10,10.565242767333984,10.583569526672363,185.11058044433594,0.2610800862312317,135,,
L1+L5_base,3,0.03,0.7,0.6,1,10.563172340393066,10.579148292541504,185.194580078125,0.26074475049972534,157,,
L1+L5_base,3,0.03,0.7,0.6,3,10.564638137817383,10.578734397888184,185.14463806152344,0.260944128036499,157,,
L1+L5_base,3,0.03,0.7,0.6,5,10.568390846252441,10.580498695373535,184.99530029296875,0.2615402340888977,157,,
L1+L5_base,3,0.03,0.7,0.6,10,10.559439659118652,10.577292442321777,185.12652587890625,0.2610164284706116,158,,
L1+L5_base,3,0.03,0.7,0.7,1,10.547411918640137,10.563872337341309,184.24693298339844,0.2645275592803955,239,,
L1+L5_base,3,0.03,0.7,0.7,3,10.556947708129883,10.560708045959473,184.5592803955078,0.2632807493209839,196,,
L1+L5_base,3,0.03,0.7,0.7,5,10.55930233001709,10.577790260314941,184.94189453125,0.2617534399032593,158,,
L1+L5_base,3,0.03,0.7,0.7,10,10.553194999694824,10.565105438232422,184.87257385253906,0.26203012466430664,196,,
L1+L5_base,3,0.03,0.7,0.8,1,10.539332389831543,10.575789451599121,184.82119750976562,0.26223522424697876,281,,
L1+L5_base,3,0.03,0.7,0.8,3,10.55084228515625,10.550999641418457,184.42872619628906,0.2638018727302551,230,,
L1+L5_base,3,0.03,0.7,0.8,5,10.553566932678223,10.560771942138672,184.551025390625,0.2633137106895447,155,,
L1+L5_base,3,0.03,0.7,0.8,10,10.547290802001953,10.556880950927734,184.67308044433594,0.26282644271850586,195,,
L1+L5_base,3,0.03,0.8,0.6,1,10.582208633422852,10.588421821594238,185.24301147460938,0.26055145263671875,151,,
L1+L5_base,3,0.03,0.8,0.6,3,10.58116626739502,10.576319694519043,184.95291137695312,0.26170945167541504,199,,
L1+L5_base,3,0.03,0.8,0.6,5,10.574055671691895,10.587053298950195,185.20339965820312,0.26070958375930786,199,,
L1+L5_base,3,0.03,0.8,0.6,10,10.575618743896484,10.577239990234375,184.8917236328125,0.2619537115097046,149,,
L1+L5_base,3,0.03,0.8,0.7,1,10.567232131958008,10.582990646362305,185.33177185058594,0.26019710302352905,200,,
L1+L5_base,3,0.03,0.8,0.7,3,10.563004493713379,10.576212882995605,185.22251892089844,0.2606332302093506,200,,
L1+L5_base,3,0.03,0.8,0.7,5,10.55479621887207,10.58346176147461,185.37123107910156,0.2600395679473877,200,,
L1+L5_base,3,0.03,0.8,0.7,10,10.552696228027344,10.57925033569336,185.19520568847656,0.26074230670928955,197,,
L1+L5_base,3,0.03,0.8,0.8,1,10.542362213134766,10.571978569030762,184.97198486328125,0.2616332769393921,204,,
L1+L5_base,3,0.03,0.8,0.8,3,10.55046272277832,10.575307846069336,185.2122344970703,0.26067429780960083,159,,
L1+L5_base,3,0.03,0.8,0.8,5,10.56338882446289,10.580500602722168,185.1166229248047,0.26105594635009766,159,,
L1+L5_base,3,0.03,0.8,0.8,10,10.55456829071045,10.585470199584961,185.1665802001953,0.2608565092086792,228,,
L1+L5_base,3,0.05,0.6,0.6,1,10.570058822631836,10.603506088256836,185.5317840576172,0.2593986988067627,128,,
L1+L5_base,3,0.05,0.6,0.6,3,10.577325820922852,10.59550666809082,185.49746704101562,0.25953567028045654,120,,
L1+L5_base,3,0.05,0.6,0.6,5,10.584806442260742,10.59381103515625,185.67613220214844,0.258822500705719,91,,
L1+L5_base,3,0.05,0.6,0.6,10,10.57820987701416,10.611223220825195,185.9757080078125,0.2576267123222351,67,,
L1+L5_base,3,0.05,0.6,0.7,1,10.553955078125,10.606630325317383,185.62295532226562,0.25903475284576416,118,,
L1+L5_base,3,0.05,0.6,0.7,3,10.550063133239746,10.58275318145752,185.0499725341797,0.261322021484375,120,,
L1+L5_base,3,0.05,0.6,0.7,5,10.556654930114746,10.616476058959961,185.6435089111328,0.2589527368545532,120,,
L1+L5_base,3,0.05,0.6,0.7,10,10.55831527709961,10.605717658996582,185.0911407470703,0.2611576318740845,120,,
L1+L5_base,3,0.05,0.6,0.8,1,10.542364120483398,10.580469131469727,184.89727783203125,0.26193153858184814,134,,
L1+L5_base,3,0.05,0.6,0.8,3,10.547659873962402,10.567594528198242,184.32797241210938,0.26420408487319946,132,,
L1+L5_base,3,0.05,0.6,0.8,5,10.577112197875977,10.581572532653809,184.4482879638672,0.26372379064559937,134,,
L1+L5_base,3,0.05,0.6,0.8,10,10.580900192260742,10.60599136352539,185.42401123046875,0.25982898473739624,120,,
L1+L5_base,3,0.05,0.7,0.6,1,10.567687034606934,10.582560539245605,185.18746948242188,0.2607731223106384,125,,
L1+L5_base,3,0.05,0.7,0.6,3,10.57396125793457,10.580450057983398,185.3521728515625,0.26011574268341064,121,,
L1+L5_base,3,0.05,0.7,0.6,5,10.562744140625,10.566797256469727,184.62579345703125,0.2630152702331543,155,,
L1+L5_base,3,0.05,0.7,0.6,10,10.575465202331543,10.590930938720703,184.99378967285156,0.2615463137626648,137,,
L1+L5_base,3,0.05,0.7,0.7,1,10.555264472961426,10.606139183044434,185.14608764648438,0.2609383463859558,130,,
L1+L5_base,3,0.05,0.7,0.7,3,10.55771255493164,10.595987319946289,184.97439575195312,0.26162368059158325,134,,
L1+L5_base,3,0.05,0.7,0.7,5,10.558089256286621,10.609090805053711,185.6107635498047,0.25908344984054565,158,,
L1+L5_base,3,0.05,0.7,0.7,10,10.565999031066895,10.584030151367188,184.9528045654297,0.26170986890792847,134,,
L1+L5_base,3,0.05,0.7,0.8,1,10.54157829284668,10.559517860412598,184.5147705078125,0.2634584307670593,120,,
L1+L5_base,3,0.05,0.7,0.8,3,10.54245376586914,10.560318946838379,184.596435546875,0.2631324529647827,120,,
L1+L5_base,3,0.05,0.7,0.8,5,10.546545028686523,10.580618858337402,185.06834411621094,0.26124870777130127,157,,
L1+L5_base,3,0.05,0.7,0.8,10,10.539024353027344,10.557769775390625,184.8472900390625,0.2621310353279114,128,,
L1+L5_base,3,0.05,0.8,0.6,1,10.559301376342773,10.60621452331543,185.5107421875,0.259482741355896,138,,
L1+L5_base,3,0.05,0.8,0.6,3,10.565774917602539,10.605422973632812,185.5437469482422,0.2593509554862976,136,,
L1+L5_base,3,0.05,0.8,0.6,5,10.56356430053711,10.60185432434082,185.55259704589844,0.2593156099319458,138,,
L1+L5_base,3,0.05,0.8,0.6,10,10.551172256469727,10.636500358581543,186.6336212158203,0.25500041246414185,203,,
L1+L5_base,3,0.05,0.8,0.7,1,10.546798706054688,10.6004638671875,185.7891387939453,0.25837141275405884,140,,
L1+L5_base,3,0.05,0.8,0.7,3,10.541297912597656,10.607162475585938,185.98681640625,0.2575823664665222,136,,
L1+L5_base,3,0.05,0.8,0.7,5,10.532567977905273,10.588262557983398,185.4568634033203,0.2596977949142456,189,,
L1+L5_base,3,0.05,0.8,0.7,10,10.51734447479248,10.6088285446167,186.19569396972656,0.2567485570907593,189,,
L1+L5_base,3,0.05,0.8,0.8,1,10.52731704711914,10.576971054077148,185.2791290283203,0.2604072690010071,203,,
L1+L5_base,3,0.05,0.8,0.8,3,10.540163040161133,10.588135719299316,185.73135375976562,0.2586020827293396,203,,
L1+L5_base,3,0.05,0.8,0.8,5,10.551337242126465,10.592206954956055,185.7006378173828,0.2587246894836426,203,,
L1+L5_base,3,0.05,0.8,0.8,10,10.541306495666504,10.584162712097168,185.8688507080078,0.2580532431602478,204,,
L1+L5_base,4,0.005,0.6,0.6,1,10.544572830200195,10.56633472442627,184.41661071777344,0.26385027170181274,1066,,
L1+L5_base,4,0.005,0.6,0.6,3,10.546411514282227,10.570087432861328,184.4343719482422,0.26377934217453003,975,,
L1+L5_base,4,0.005,0.6,0.6,5,10.54378890991211,10.562223434448242,184.31307983398438,0.2642635107040405,1126,,
L1+L5_base,4,0.005,0.6,0.6,10,10.55945873260498,10.565451622009277,184.31634521484375,0.2642504572868347,974,,
L1+L5_base,4,0.005,0.6,0.7,1,10.552888870239258,10.569540023803711,184.82754516601562,0.2622098922729492,835,,
L1+L5_base,4,0.005,0.6,0.7,3,10.552644729614258,10.57352066040039,184.96560668945312,0.26165878772735596,838,,
L1+L5_base,4,0.005,0.6,0.7,5,10.547698974609375,10.566156387329102,184.763916015625,0.26246386766433716,835,,
L1+L5_base,4,0.005,0.6,0.7,10,10.553969383239746,10.559282302856445,184.45230102539062,0.26370781660079956,937,,
L1+L5_base,4,0.005,0.6,0.8,1,10.5606107711792,10.577975273132324,185.14183044433594,0.2609553337097168,723,,
L1+L5_base,4,0.005,0.6,0.8,3,10.56287956237793,10.57623291015625,185.2501220703125,0.2605230212211609,732,,
L1+L5_base,4,0.005,0.6,0.8,5,10.534263610839844,10.575319290161133,185.07302856445312,0.261229932308197,1136,,
L1+L5_base,4,0.005,0.6,0.8,10,10.561948776245117,10.573521614074707,184.9491729736328,0.26172441244125366,720,,
L1+L5_base,4,0.005,0.7,0.6,1,10.549328804016113,10.559146881103516,184.79165649414062,0.2623531222343445,932,,
L1+L5_base,4,0.005,0.7,0.6,3,10.549086570739746,10.563899993896484,184.8188018798828,0.2622448205947876,932,,
L1+L5_base,4,0.005,0.7,0.6,5,10.544374465942383,10.553900718688965,184.499755859375,0.2635183334350586,1041,,
L1+L5_base,4,0.005,0.7,0.6,10,10.546547889709473,10.562185287475586,184.61456298828125,0.2630600333213806,932,,
L1+L5_base,4,0.005,0.7,0.7,1,10.546216011047363,10.565400123596191,184.98361206054688,0.26158690452575684,931,,
L1+L5_base,4,0.005,0.7,0.7,3,10.546730995178223,10.566754341125488,185.06529235839844,0.26126086711883545,952,,
L1+L5_base,4,0.005,0.7,0.7,5,10.546576499938965,10.566944122314453,185.10052490234375,0.2611202001571655,931,,
L1+L5_base,4,0.005,0.7,0.7,10,10.550131797790527,10.563931465148926,184.73768615722656,0.2625685930252075,931,,
L1+L5_base,4,0.005,0.7,0.8,1,10.550604820251465,10.571228981018066,184.98599243164062,0.2615773677825928,921,,
L1+L5_base,4,0.005,0.7,0.8,3,10.552289962768555,10.570637702941895,184.9702606201172,0.26164019107818604,927,,
L1+L5_base,4,0.005,0.7,0.8,5,10.549447059631348,10.570144653320312,184.96157836914062,0.26167482137680054,921,,
L1+L5_base,4,0.005,0.7,0.8,10,10.560029029846191,10.574422836303711,184.98353576660156,0.2615872025489807,923,,
L1+L5_base,4,0.005,0.8,0.6,1,10.545011520385742,10.579328536987305,185.16282653808594,0.2608715295791626,1023,,
L1+L5_base,4,0.005,0.8,0.6,3,10.548646926879883,10.584491729736328,185.34207153320312,0.2601560354232788,1023,,
L1+L5_base,4,0.005,0.8,0.6,5,10.551287651062012,10.582724571228027,185.25697326660156,0.26049572229385376,856,,
L1+L5_base,4,0.005,0.8,0.6,10,10.54229736328125,10.583003997802734,185.339111328125,0.26016783714294434,1168,,
L1+L5_base,4,0.005,0.8,0.7,1,10.545339584350586,10.582501411437988,185.48997497558594,0.25956565141677856,856,,
L1+L5_base,4,0.005,0.8,0.7,3,10.550475120544434,10.587212562561035,185.5486297607422,0.25933146476745605,852,,
L1+L5_base,4,0.005,0.8,0.7,5,10.548702239990234,10.585854530334473,185.54031372070312,0.25936466455459595,856,,
L1+L5_base,4,0.005,0.8,0.7,10,10.55842399597168,10.586358070373535,185.52772521972656,0.2594149112701416,707,,
L1+L5_base,4,0.005,0.8,0.8,1,10.562850952148438,10.587767601013184,185.53257751464844,0.2593955397605896,856,,
L1+L5_base,4,0.005,0.8,0.8,3,10.572196960449219,10.592874526977539,185.62567138671875,0.25902390480041504,713,,
L1+L5_base,4,0.005,0.8,0.8,5,10.567647933959961,10.58889389038086,185.50225830078125,0.2595165967941284,724,,
L1+L5_base,4,0.005,0.8,0.8,10,10.561938285827637,10.584023475646973,185.4771728515625,0.2596167325973511,915,,
L1+L5_base,4,0.01,0.6,0.6,1,10.56766414642334,10.581436157226562,184.92530822753906,0.26181966066360474,494,,
L1+L5_base,4,0.01,0.6,0.6,3,10.566741943359375,10.583528518676758,184.9623260498047,0.26167190074920654,494,,
L1+L5_base,4,0.01,0.6,0.6,5,10.567014694213867,10.57894229888916,184.93190002441406,0.261793315410614,505,,
L1+L5_base,4,0.01,0.6,0.6,10,10.569849967956543,10.573858261108398,184.63070678710938,0.2629956007003784,506,,
L1+L5_base,4,0.01,0.6,0.7,1,10.560345649719238,10.578516006469727,184.75390625,0.26250386238098145,497,,
L1+L5_base,4,0.01,0.6,0.7,3,10.555274963378906,10.570378303527832,184.66001892089844,0.2628785967826843,497,,
L1+L5_base,4,0.01,0.6,0.7,5,10.554917335510254,10.560986518859863,184.46966552734375,0.263638436794281,497,,
L1+L5_base,4,0.01,0.6,0.7,10,10.563765525817871,10.562192916870117,184.45553588867188,0.2636948823928833,497,,
L1+L5_base,4,0.01,0.6,0.8,1,10.562736511230469,10.58460521697998,185.2913055419922,0.26035869121551514,460,,
L1+L5_base,4,0.01,0.6,0.8,3,10.560240745544434,10.584341049194336,185.22828674316406,0.2606102228164673,460,,
L1+L5_base,4,0.01,0.6,0.8,5,10.564778327941895,10.573798179626465,184.7535400390625,0.26250535249710083,504,,
L1+L5_base,4,0.01,0.6,0.8,10,10.564796447753906,10.561623573303223,184.43983459472656,0.26375752687454224,566,,
L1+L5_base,4,0.01,0.7,0.6,1,10.544145584106445,10.571160316467285,185.23716735839844,0.2605747580528259,403,,
L1+L5_base,4,0.01,0.7,0.6,3,10.541560173034668,10.569336891174316,185.3136444091797,0.2602694630622864,412,,
L1+L5_base,4,0.01,0.7,0.6,5,10.544189453125,10.570862770080566,185.23727416992188,0.2605743408203125,421,,
L1+L5_base,4,0.01,0.7,0.6,10,10.549515724182129,10.570605278015137,185.02110290527344,0.2614372968673706,421,,
L1+L5_base,4,0.01,0.7,0.7,1,10.568110466003418,10.576720237731934,185.09129333496094,0.2611570954322815,364,,
L1+L5_base,4,0.01,0.7,0.7,3,10.564373016357422,10.58627700805664,185.30157470703125,0.2603176236152649,411,,
L1+L5_base,4,0.01,0.7,0.7,5,10.566189765930176,10.578722953796387,185.16732788085938,0.2608535885810852,366,,
L1+L5_base,4,0.01,0.7,0.7,10,10.564374923706055,10.580726623535156,185.1046142578125,0.26110386848449707,421,,
L1+L5_base,4,0.01,0.7,0.8,1,10.566091537475586,10.583727836608887,185.39816284179688,0.25993210077285767,369,,
L1+L5_base,4,0.01,0.7,0.8,3,10.558696746826172,10.581154823303223,185.43692016601562,0.25977736711502075,477,,
L1+L5_base,4,0.01,0.7,0.8,5,10.561888694763184,10.5831937789917,185.31015014648438,0.2602834105491638,430,,
L1+L5_base,4,0.01,0.7,0.8,10,10.569005012512207,10.585484504699707,185.33627319335938,0.26017916202545166,470,,
L1+L5_base,4,0.01,0.8,0.6,1,10.538579940795898,10.572094917297363,185.1925048828125,0.2607530951499939,527,,
L1+L5_base,4,0.01,0.8,0.6,3,10.56507682800293,10.582976341247559,185.28170776367188,0.26039695739746094,320,,
L1+L5_base,4,0.01,0.8,0.6,5,10.544393539428711,10.57097053527832,185.14332580566406,0.26094937324523926,530,,
L1+L5_base,4,0.01,0.8,0.6,10,10.551835060119629,10.58060073852539,185.28172302246094,0.26039689779281616,554,,
L1+L5_base,4,0.01,0.8,0.7,1,10.55066967010498,10.590131759643555,185.61216735839844,0.25907784700393677,670,,
L1+L5_base,4,0.01,0.8,0.7,3,10.55241870880127,10.601638793945312,185.70822143554688,0.2586944103240967,701,,
L1+L5_base,4,0.01,0.8,0.7,5,10.55278205871582,10.586357116699219,185.2236785888672,0.2606286406517029,691,,
L1+L5_base,4,0.01,0.8,0.7,10,10.55438232421875,10.590362548828125,185.32847595214844,0.2602103352546692,620,,
L1+L5_base,4,0.01,0.8,0.8,1,10.550715446472168,10.595151901245117,185.78733825683594,0.25837862491607666,671,,
L1+L5_base,4,0.01,0.8,0.8,3,10.550009727478027,10.600997924804688,185.7750244140625,0.2584277391433716,701,,
L1+L5_base,4,0.01,0.8,0.8,5,10.544947624206543,10.599209785461426,185.88340759277344,0.2579951286315918,673,,
L1+L5_base,4,0.01,0.8,0.8,10,10.555834770202637,10.61966323852539,186.03399658203125,0.257394015789032,751,,
L1+L5_base,4,0.02,0.6,0.6,1,10.547256469726562,10.565927505493164,184.515869140625,0.26345402002334595,247,,
L1+L5_base,4,0.02,0.6,0.6,3,10.542659759521484,10.5806884765625,184.70298767089844,0.2627071142196655,273,,
L1+L5_base,4,0.02,0.6,0.6,5,10.545231819152832,10.568507194519043,184.54241943359375,0.2633480429649353,203,,
L1+L5_base,4,0.02,0.6,0.6,10,10.54117488861084,10.580924034118652,184.51939392089844,0.26344001293182373,275,,
L1+L5_base,4,0.02,0.6,0.7,1,10.542925834655762,10.566314697265625,184.3317413330078,0.26418906450271606,221,,
L1+L5_base,4,0.02,0.6,0.7,3,10.536367416381836,10.568236351013184,184.27088928222656,0.2644319534301758,258,,
L1+L5_base,4,0.02,0.6,0.7,5,10.537178039550781,10.563629150390625,184.13818359375,0.2649616599082947,221,,
L1+L5_base,4,0.02,0.6,0.7,10,10.550972938537598,10.548230171203613,183.8820343017578,0.26598411798477173,275,,
L1+L5_base,4,0.02,0.6,0.8,1,10.566179275512695,10.60554313659668,185.3243408203125,0.2602267861366272,221,,
L1+L5_base,4,0.02,0.6,0.8,3,10.556864738464355,10.597174644470215,185.17489624023438,0.2608233094215393,221,,
L1+L5_base,4,0.02,0.6,0.8,5,10.572916030883789,10.602160453796387,185.23902893066406,0.260567307472229,217,,
L1+L5_base,4,0.02,0.6,0.8,10,10.567303657531738,10.594499588012695,185.436767578125,0.2597779631614685,221,,
L1+L5_base,4,0.02,0.7,0.6,1,10.552120208740234,10.565338134765625,184.84957885742188,0.26212191581726074,290,,
L1+L5_base,4,0.02,0.7,0.6,3,10.555659294128418,10.564940452575684,184.5846405029297,0.2631794810295105,254,,
L1+L5_base,4,0.02,0.7,0.6,5,10.552430152893066,10.564785957336426,184.46295166015625,0.2636653184890747,311,,
L1+L5_base,4,0.02,0.7,0.6,10,10.560653686523438,10.572880744934082,184.663818359375,0.2628634572029114,185,,
L1+L5_base,4,0.02,0.7,0.7,1,10.546723365783691,10.570419311523438,184.5419464111328,0.26334989070892334,291,,
L1+L5_base,4,0.02,0.7,0.7,3,10.551514625549316,10.587311744689941,185.0491180419922,0.2613254189491272,290,,
L1+L5_base,4,0.02,0.7,0.7,5,10.545963287353516,10.591255187988281,184.85211181640625,0.2621117830276489,339,,
L1+L5_base,4,0.02,0.7,0.7,10,10.547242164611816,10.581134796142578,184.88856506347656,0.2619662880897522,271,,
L1+L5_base,4,0.02,0.7,0.8,1,10.561697959899902,10.601997375488281,185.928466796875,0.25781524181365967,282,,
L1+L5_base,4,0.02,0.7,0.8,3,10.564218521118164,10.582757949829102,185.5009002685547,0.259522020816803,283,,
L1+L5_base,4,0.02,0.7,0.8,5,10.570799827575684,10.595722198486328,185.71224975585938,0.2586783766746521,157,,
L1+L5_base,4,0.02,0.7,0.8,10,10.56911563873291,10.591935157775879,185.60610961914062,0.2591020464897156,282,,
L1+L5_base,4,0.02,0.8,0.6,1,10.563240051269531,10.586490631103516,185.3631134033203,0.2600720524787903,149,,
L1+L5_base,4,0.02,0.8,0.6,3,10.558843612670898,10.577197074890137,185.08212280273438,0.2611936926841736,235,,
L1+L5_base,4,0.02,0.8,0.6,5,10.56164836883545,10.595231056213379,185.5137481689453,0.25947070121765137,146,,
L1+L5_base,4,0.02,0.8,0.6,10,10.539851188659668,10.578874588012695,185.58851623535156,0.259172260761261,302,,
L1+L5_base,4,0.02,0.8,0.7,1,10.550338745117188,10.582801818847656,185.23509216308594,0.2605830430984497,219,,
L1+L5_base,4,0.02,0.8,0.7,3,10.546578407287598,10.58626651763916,185.27227783203125,0.260434627532959,216,,
L1+L5_base,4,0.02,0.8,0.7,5,10.558051109313965,10.605777740478516,185.63720703125,0.25897789001464844,150,,
L1+L5_base,4,0.02,0.8,0.7,10,10.549811363220215,10.58548355102539,185.297607421875,0.26033347845077515,225,,
L1+L5_base,4,0.02,0.8,0.8,1,10.55828857421875,10.59287166595459,185.34109497070312,0.2601599097251892,225,,
L1+L5_base,4,0.02,0.8,0.8,3,10.566021919250488,10.594141006469727,185.10446166992188,0.2611044645309448,298,,
L1+L5_base,4,0.02,0.8,0.8,5,10.570657730102539,10.585346221923828,185.2827606201172,0.26039278507232666,221,,
L1+L5_base,4,0.02,0.8,0.8,10,10.567176818847656,10.579238891601562,185.21304321289062,0.26067107915878296,243,,
L1+L5_base,4,0.03,0.6,0.6,1,10.58688735961914,10.580573081970215,185.8041534423828,0.2583114504814148,202,,
L1+L5_base,4,0.03,0.6,0.6,3,10.57612419128418,10.604269981384277,186.3232421875,0.2562394142150879,201,,
L1+L5_base,4,0.03,0.6,0.6,5,10.58848762512207,10.590899467468262,185.8736572265625,0.2580340504646301,133,,
L1+L5_base,4,0.03,0.6,0.6,10,10.570802688598633,10.602200508117676,185.91160583496094,0.2578825354576111,132,,
L1+L5_base,4,0.03,0.6,0.7,1,10.584507942199707,10.584157943725586,185.20765686035156,0.2606925964355469,142,,
L1+L5_base,4,0.03,0.6,0.7,3,10.580887794494629,10.59167766571045,185.44981384277344,0.2597259283065796,118,,
L1+L5_base,4,0.03,0.6,0.7,5,10.585820198059082,10.594951629638672,185.7908935546875,0.2583644390106201,134,,
L1+L5_base,4,0.03,0.6,0.7,10,10.599404335021973,10.612713813781738,185.68701171875,0.2587791085243225,124,,
L1+L5_base,4,0.03,0.6,0.8,1,10.577530860900879,10.61679458618164,186.1068878173828,0.2571030259132385,134,,
L1+L5_base,4,0.03,0.6,0.8,3,10.571504592895508,10.596659660339355,185.7615509033203,0.258481502532959,120,,
L1+L5_base,4,0.03,0.6,0.8,5,10.567091941833496,10.586734771728516,185.4385528564453,0.25977087020874023,121,,
L1+L5_base,4,0.03,0.6,0.8,10,10.559333801269531,10.597356796264648,185.62318420410156,0.25903385877609253,121,,
L1+L5_base,4,0.03,0.7,0.6,1,10.545342445373535,10.582595825195312,184.88490295410156,0.26198095083236694,134,,
L1+L5_base,4,0.03,0.7,0.6,3,10.55964183807373,10.576436042785645,185.19325256347656,0.26075005531311035,134,,
L1+L5_base,4,0.03,0.7,0.6,5,10.565778732299805,10.596709251403809,185.1922607421875,0.2607540488243103,134,,
L1+L5_base,4,0.03,0.7,0.6,10,10.56583309173584,10.587629318237305,185.1689453125,0.2608470916748047,134,,
L1+L5_base,4,0.03,0.7,0.7,1,10.525873184204102,10.583893775939941,184.55715942382812,0.263289213180542,134,,
L1+L5_base,4,0.03,0.7,0.7,3,10.511356353759766,10.594087600708008,184.5611114501953,0.2632734179496765,172,,
L1+L5_base,4,0.03,0.7,0.7,5,10.532551765441895,10.589850425720215,184.8148651123047,0.2622604966163635,162,,
L1+L5_base,4,0.03,0.7,0.7,10,10.546744346618652,10.599169731140137,185.1156005859375,0.26106005907058716,193,,
L1+L5_base,4,0.03,0.7,0.8,1,10.531990051269531,10.604475021362305,185.66421508789062,0.25887012481689453,173,,
L1+L5_base,4,0.03,0.7,0.8,3,10.530440330505371,10.608043670654297,185.61546325683594,0.2590647339820862,158,,
L1+L5_base,4,0.03,0.7,0.8,5,10.528657913208008,10.608064651489258,185.6062469482422,0.2591014504432678,155,,
L1+L5_base,4,0.03,0.7,0.8,10,10.553032875061035,10.57911205291748,185.0011444091797,0.2615169286727905,166,,
L1+L5_base,4,0.03,0.8,0.6,1,10.554092407226562,10.611034393310547,185.734619140625,0.25858908891677856,136,,
L1+L5_base,4,0.03,0.8,0.6,3,10.553983688354492,10.606584548950195,185.61439514160156,0.25906896591186523,136,,
L1+L5_base,4,0.03,0.8,0.6,5,10.558239936828613,10.592855453491211,185.07984924316406,0.26120275259017944,153,,
L1+L5_base,4,0.03,0.8,0.6,10,10.55194091796875,10.594021797180176,184.98098754882812,0.2615973949432373,204,,
L1+L5_base,4,0.03,0.8,0.7,1,10.557762145996094,10.616689682006836,186.0816650390625,0.25720369815826416,142,,
L1+L5_base,4,0.03,0.8,0.7,3,10.567140579223633,10.613027572631836,185.91592407226562,0.257865309715271,140,,
L1+L5_base,4,0.03,0.8,0.7,5,10.54722785949707,10.618412971496582,186.23345947265625,0.2565978169441223,140,,
L1+L5_base,4,0.03,0.8,0.7,10,10.56220817565918,10.605250358581543,185.6199188232422,0.25904691219329834,153,,
L1+L5_base,4,0.03,0.8,0.8,1,10.540700912475586,10.594867706298828,185.73480224609375,0.2585883140563965,143,,
L1+L5_base,4,0.03,0.8,0.8,3,10.564142227172852,10.59150218963623,185.4066925048828,0.2598980665206909,142,,
L1+L5_base,4,0.03,0.8,0.8,5,10.556581497192383,10.602788925170898,185.7199249267578,0.25864773988723755,149,,
L1+L5_base,4,0.03,0.8,0.8,10,10.577387809753418,10.600918769836426,185.70285034179688,0.2587158679962158,142,,
L1+L5_base,4,0.05,0.6,0.6,1,10.529796600341797,10.585610389709473,184.953369140625,0.2617076635360718,120,,
L1+L5_base,4,0.05,0.6,0.6,3,10.542141914367676,10.594491004943848,185.23876953125,0.26056838035583496,67,,
L1+L5_base,4,0.05,0.6,0.6,5,10.537959098815918,10.592082023620605,185.1394805908203,0.2609647512435913,67,,
L1+L5_base,4,0.05,0.6,0.6,10,10.561698913574219,10.596624374389648,185.24722290039062,0.2605346441268921,67,,
L1+L5_base,4,0.05,0.6,0.7,1,10.55655288696289,10.606780052185059,185.62744140625,0.2590169310569763,68,,
L1+L5_base,4,0.05,0.6,0.7,3,10.553068161010742,10.65607738494873,186.90318298339844,0.2539244294166565,78,,
L1+L5_base,4,0.05,0.6,0.7,5,10.5546875,10.6109619140625,185.8486785888672,0.25813376903533936,91,,
L1+L5_base,4,0.05,0.6,0.7,10,10.58749008178711,10.593903541564941,184.4717559814453,0.26363009214401245,60,,
L1+L5_base,4,0.05,0.6,0.8,1,10.577408790588379,10.65159797668457,186.47833251953125,0.2556203603744507,63,,
L1+L5_base,4,0.05,0.6,0.8,3,10.576241493225098,10.640008926391602,187.14813232421875,0.2529466152191162,132,,
L1+L5_base,4,0.05,0.6,0.8,5,10.568009376525879,10.650747299194336,186.58316040039062,0.25520187616348267,159,,
L1+L5_base,4,0.05,0.6,0.8,10,10.593738555908203,10.608865737915039,184.93199157714844,0.26179295778274536,91,,
L1+L5_base,4,0.05,0.7,0.6,1,10.548291206359863,10.615264892578125,185.99917602539062,0.2575330138206482,72,,
L1+L5_base,4,0.05,0.7,0.6,3,10.537428855895996,10.568910598754883,184.885986328125,0.26197659969329834,94,,
L1+L5_base,4,0.05,0.7,0.6,5,10.53196907043457,10.585199356079102,185.33094787597656,0.2602004408836365,100,,
L1+L5_base,4,0.05,0.7,0.6,10,10.5615234375,10.592302322387695,185.40072631835938,0.2599219083786011,94,,
L1+L5_base,4,0.05,0.7,0.7,1,10.523283004760742,10.623495101928711,186.01303100585938,0.25747770071029663,121,,
L1+L5_base,4,0.05,0.7,0.7,3,10.542820930480957,10.562758445739746,184.9168701171875,0.26185333728790283,94,,
L1+L5_base,4,0.05,0.7,0.7,5,10.513876914978027,10.560921669006348,184.99879455566406,0.26152628660202026,97,,
L1+L5_base,4,0.05,0.7,0.7,10,10.556523323059082,10.562960624694824,184.8682403564453,0.2620474696159363,94,,
L1+L5_base,4,0.05,0.7,0.8,1,10.516585350036621,10.601122856140137,185.68138122558594,0.25880157947540283,132,,
L1+L5_base,4,0.05,0.7,0.8,3,10.544926643371582,10.58126163482666,184.93006896972656,0.2618005871772766,122,,
L1+L5_base,4,0.05,0.7,0.8,5,10.541738510131836,10.594624519348145,185.33636474609375,0.260178804397583,110,,
L1+L5_base,4,0.05,0.7,0.8,10,10.549295425415039,10.602879524230957,184.94288635253906,0.2617495059967041,121,,
L1+L5_base,4,0.05,0.8,0.6,1,10.552102088928223,10.621707916259766,186.38206481933594,0.25600457191467285,80,,
L1+L5_base,4,0.05,0.8,0.6,3,10.555804252624512,10.631775856018066,186.50804138183594,0.25550174713134766,87,,
L1+L5_base,4,0.05,0.8,0.6,5,10.549430847167969,10.627484321594238,186.44061279296875,0.25577086210250854,78,,
L1+L5_base,4,0.05,0.8,0.6,10,10.575589179992676,10.589994430541992,185.70083618164062,0.2587239146232605,91,,
L1+L5_base,4,0.05,0.8,0.7,1,10.584651947021484,10.640084266662598,186.6194610595703,0.2550569772720337,109,,
L1+L5_base,4,0.05,0.8,0.7,3,10.590906143188477,10.639307022094727,186.52027893066406,0.25545287132263184,58,,
L1+L5_base,4,0.05,0.8,0.7,5,10.566205024719238,10.59463119506836,185.79869079589844,0.25833332538604736,80,,
L1+L5_base,4,0.05,0.8,0.7,10,10.56987190246582,10.617695808410645,186.4303741455078,0.25581175088882446,130,,
L1+L5_base,4,0.05,0.8,0.8,1,10.58305549621582,10.578153610229492,185.1859588623047,0.2607792019844055,86,,
L1+L5_base,4,0.05,0.8,0.8,3,10.580105781555176,10.600494384765625,185.5699920654297,0.25924623012542725,84,,
L1+L5_base,4,0.05,0.8,0.8,5,10.576339721679688,10.611923217773438,186.20530700683594,0.2567101716995239,110,,
L1+L5_base,4,0.05,0.8,0.8,10,10.55550479888916,10.630657196044922,186.84812927246094,0.25414419174194336,133,,
L1+L5_base,5,0.005,0.6,0.6,1,10.556903839111328,10.567809104919434,184.4900360107422,0.2635571360588074,910,,
L1+L5_base,5,0.005,0.6,0.6,3,10.565349578857422,10.581523895263672,184.83114624023438,0.26219552755355835,768,,
L1+L5_base,5,0.005,0.6,0.6,5,10.569019317626953,10.583850860595703,184.94204711914062,0.2617528438568115,669,,
L1+L5_base,5,0.005,0.6,0.6,10,10.565876007080078,10.580731391906738,184.7359619140625,0.2625754475593567,755,,
L1+L5_base,5,0.005,0.6,0.7,1,10.553116798400879,10.608844757080078,185.7587432861328,0.25849270820617676,747,,
L1+L5_base,5,0.005,0.6,0.7,3,10.557183265686035,10.604659080505371,185.63340759277344,0.25899308919906616,747,,
L1+L5_base,5,0.005,0.6,0.7,5,10.55416488647461,10.605337142944336,185.67689514160156,0.2588195204734802,677,,
L1+L5_base,5,0.005,0.6,0.7,10,10.560482025146484,10.59784984588623,185.47360229492188,0.2596309781074524,698,,
L1+L5_base,5,0.005,0.6,0.8,1,10.560040473937988,10.597041130065918,185.51963806152344,0.25944721698760986,715,,
L1+L5_base,5,0.005,0.6,0.8,3,10.557646751403809,10.59752082824707,185.57376098632812,0.2592311501502991,711,,
L1+L5_base,5,0.005,0.6,0.8,5,10.555706977844238,10.588767051696777,185.32513427734375,0.2602236270904541,712,,
L1+L5_base,5,0.005,0.6,0.8,10,10.573092460632324,10.594759941101074,185.35374450683594,0.26010942459106445,712,,
L1+L5_base,5,0.005,0.7,0.6,1,10.557829856872559,10.580902099609375,185.22073364257812,0.26064032316207886,718,,
L1+L5_base,5,0.005,0.7,0.6,3,10.555428504943848,10.592906951904297,185.4027862548828,0.25991368293762207,718,,
L1+L5_base,5,0.005,0.7,0.6,5,10.553915977478027,10.587252616882324,185.2943572998047,0.2603464722633362,792,,
L1+L5_base,5,0.005,0.7,0.6,10,10.558834075927734,10.580793380737305,185.26341247558594,0.2604699730873108,774,,
L1+L5_base,5,0.005,0.7,0.7,1,10.550034523010254,10.589287757873535,185.4511260986328,0.25972068309783936,707,,
L1+L5_base,5,0.005,0.7,0.7,3,10.552412986755371,10.592638969421387,185.60494995117188,0.25910669565200806,714,,
L1+L5_base,5,0.005,0.7,0.7,5,10.53923511505127,10.588703155517578,185.34527587890625,0.2601432204246521,885,,
L1+L5_base,5,0.005,0.7,0.7,10,10.54768180847168,10.568589210510254,184.8035430908203,0.26230567693710327,869,,
L1+L5_base,5,0.005,0.7,0.8,1,10.536650657653809,10.584158897399902,185.26588439941406,0.26046013832092285,914,,
L1+L5_base,5,0.005,0.7,0.8,3,10.545891761779785,10.59128475189209,185.52247619628906,0.25943589210510254,860,,
L1+L5_base,5,0.005,0.7,0.8,5,10.544958114624023,10.594141960144043,185.45584106445312,0.25970184803009033,738,,
L1+L5_base,5,0.005,0.7,0.8,10,10.565356254577637,10.594489097595215,185.33277893066406,0.2601931095123291,618,,
L1+L5_base,5,0.005,0.8,0.6,1,10.552002906799316,10.591429710388184,185.31719970703125,0.26025527715682983,743,,
L1+L5_base,5,0.005,0.8,0.6,3,10.552129745483398,10.59954833984375,185.62013244628906,0.2590460777282715,743,,
L1+L5_base,5,0.005,0.8,0.6,5,10.551250457763672,10.588942527770996,185.37716674804688,0.26001590490341187,822,,
L1+L5_base,5,0.005,0.8,0.6,10,10.561494827270508,10.58634090423584,185.24465942382812,0.26054489612579346,701,,
L1+L5_base,5,0.005,0.8,0.7,1,10.547046661376953,10.598620414733887,186.01068115234375,0.25748705863952637,844,,
L1+L5_base,5,0.005,0.8,0.7,3,10.55070686340332,10.594938278198242,185.81707763671875,0.2582598924636841,818,,
L1+L5_base,5,0.005,0.8,0.7,5,10.548114776611328,10.597726821899414,185.82723999023438,0.25821930170059204,818,,
L1+L5_base,5,0.005,0.8,0.7,10,10.54891586303711,10.606990814208984,186.005126953125,0.2575092315673828,858,,
L1+L5_base,5,0.005,0.8,0.8,1,10.553582191467285,10.59866714477539,186.0390625,0.2573738098144531,820,,
L1+L5_base,5,0.005,0.8,0.8,3,10.56234073638916,10.598264694213867,186.04185485839844,0.25736260414123535,820,,
L1+L5_base,5,0.005,0.8,0.8,5,10.561558723449707,10.602538108825684,185.97415161132812,0.257632851600647,785,,
L1+L5_base,5,0.005,0.8,0.8,10,10.566211700439453,10.60477352142334,186.18296813964844,0.2567993402481079,851,,
L1+L5_base,5,0.01,0.6,0.6,1,10.561141967773438,10.583657264709473,185.06434631347656,0.2612646222114563,505,,
L1+L5_base,5,0.01,0.6,0.6,3,10.575966835021973,10.587058067321777,185.03744506835938,0.26137202978134155,505,,
L1+L5_base,5,0.01,0.6,0.6,5,10.558642387390137,10.57461929321289,184.90090942382812,0.2619170546531677,603,,
L1+L5_base,5,0.01,0.6,0.6,10,10.580625534057617,10.59102725982666,185.151123046875,0.2609182596206665,377,,
L1+L5_base,5,0.01,0.6,0.7,1,10.566064834594727,10.587234497070312,185.27413940429688,0.26042723655700684,476,,
L1+L5_base,5,0.01,0.6,0.7,3,10.564085960388184,10.599861145019531,185.6592559814453,0.2588898539543152,474,,
L1+L5_base,5,0.01,0.6,0.7,5,10.555670738220215,10.575630187988281,185.24871826171875,0.2605286240577698,474,,
L1+L5_base,5,0.01,0.6,0.7,10,10.572169303894043,10.582684516906738,185.2405242919922,0.26056140661239624,459,,
L1+L5_base,5,0.01,0.6,0.8,1,10.567502975463867,10.618229866027832,186.040771484375,0.25736701488494873,459,,
L1+L5_base,5,0.01,0.6,0.8,3,10.565662384033203,10.613641738891602,186.09007263183594,0.2571701407432556,476,,
L1+L5_base,5,0.01,0.6,0.8,5,10.561577796936035,10.609027862548828,185.71035766601562,0.2586858868598938,460,,
L1+L5_base,5,0.01,0.6,0.8,10,10.596942901611328,10.646151542663574,186.32583618164062,0.25622910261154175,260,,
L1+L5_base,5,0.01,0.7,0.6,1,10.54134464263916,10.604775428771973,185.8898162841797,0.2579694986343384,406,,
L1+L5_base,5,0.01,0.7,0.6,3,10.541665077209473,10.599087715148926,185.783203125,0.25839513540267944,367,,
L1+L5_base,5,0.01,0.7,0.6,5,10.543265342712402,10.610810279846191,185.96864318847656,0.2576548457145691,377,,
L1+L5_base,5,0.01,0.7,0.6,10,10.546621322631836,10.593276023864746,185.71946716308594,0.2586495280265808,404,,
L1+L5_base,5,0.01,0.7,0.7,1,10.5722074508667,10.603558540344238,186.11441040039062,0.25707298517227173,351,,
L1+L5_base,5,0.01,0.7,0.7,3,10.574004173278809,10.609216690063477,186.18006896972656,0.25681090354919434,352,,
L1+L5_base,5,0.01,0.7,0.7,5,10.56911849975586,10.597959518432617,185.74179077148438,0.2585604786872864,372,,
L1+L5_base,5,0.01,0.7,0.7,10,10.5541353225708,10.589385986328125,185.6092071533203,0.2590896487236023,378,,
L1+L5_base,5,0.01,0.7,0.8,1,10.580292701721191,10.600691795349121,186.0015411376953,0.2575235366821289,364,,
L1+L5_base,5,0.01,0.7,0.8,3,10.56816577911377,10.611176490783691,186.17066955566406,0.25684845447540283,361,,
L1+L5_base,5,0.01,0.7,0.8,5,10.565217018127441,10.607064247131348,186.1971893310547,0.25674253702163696,385,,
L1+L5_base,5,0.01,0.7,0.8,10,10.584829330444336,10.603302001953125,186.04969787597656,0.25733137130737305,351,,
L1+L5_base,5,0.01,0.8,0.6,1,10.552509307861328,10.584566116333008,185.3217315673828,0.2602372169494629,349,,
L1+L5_base,5,0.01,0.8,0.6,3,10.544958114624023,10.60357666015625,185.57080078125,0.2592429518699646,547,,
L1+L5_base,5,0.01,0.8,0.6,5,10.557984352111816,10.592560768127441,185.25189208984375,0.2605159878730774,317,,
L1+L5_base,5,0.01,0.8,0.6,10,10.558180809020996,10.576377868652344,185.11407470703125,0.26106613874435425,344,,
L1+L5_base,5,0.01,0.8,0.7,1,10.560440063476562,10.595992088317871,185.9414520263672,0.25776344537734985,462,,
L1+L5_base,5,0.01,0.8,0.7,3,10.569010734558105,10.595930099487305,185.76844787597656,0.25845402479171753,350,,
L1+L5_base,5,0.01,0.8,0.7,5,10.569887161254883,10.594614028930664,185.66961669921875,0.25884854793548584,351,,
L1+L5_base,5,0.01,0.8,0.7,10,10.57111930847168,10.595160484313965,185.2841339111328,0.2603873014450073,349,,
L1+L5_base,5,0.01,0.8,0.8,1,10.580451011657715,10.607649803161621,186.05416870117188,0.25731348991394043,390,,
L1+L5_base,5,0.01,0.8,0.8,3,10.596650123596191,10.627591133117676,186.596923828125,0.25514692068099976,268,,
L1+L5_base,5,0.01,0.8,0.8,5,10.589119911193848,10.606962203979492,185.92054748535156,0.2578468918800354,337,,
L1+L5_base,5,0.01,0.8,0.8,10,10.577869415283203,10.631213188171387,186.57386779785156,0.25523895025253296,624,,
L1+L5_base,5,0.02,0.6,0.6,1,10.573583602905273,10.619696617126465,185.71646118164062,0.25866156816482544,202,,
L1+L5_base,5,0.02,0.6,0.6,3,10.594642639160156,10.617432594299316,185.7049560546875,0.25870752334594727,214,,
L1+L5_base,5,0.02,0.6,0.6,5,10.57890796661377,10.628524780273438,185.88540649414062,0.2579871416091919,202,,
L1+L5_base,5,0.02,0.6,0.6,10,10.592652320861816,10.599211692810059,184.78549194335938,0.2623777985572815,217,,
L1+L5_base,5,0.02,0.6,0.7,1,10.577566146850586,10.651476860046387,186.7313232421875,0.25461041927337646,136,,
L1+L5_base,5,0.02,0.6,0.7,3,10.584694862365723,10.653794288635254,186.82872009277344,0.2542216181755066,136,,
L1+L5_base,5,0.02,0.6,0.7,5,10.591453552246094,10.664579391479492,186.76158142089844,0.2544896602630615,136,,
L1+L5_base,5,0.02,0.6,0.7,10,10.574020385742188,10.628189086914062,185.9983673095703,0.25753623247146606,136,,
L1+L5_base,5,0.02,0.6,0.8,1,10.554798126220703,10.649246215820312,186.57150268554688,0.25524836778640747,223,,
L1+L5_base,5,0.02,0.6,0.8,3,10.552495956420898,10.649060249328613,186.86216735839844,0.2540881037712097,221,,
L1+L5_base,5,0.02,0.6,0.8,5,10.580036163330078,10.676399230957031,187.2493438720703,0.2525426149368286,183,,
L1+L5_base,5,0.02,0.6,0.8,10,10.57064437866211,10.636362075805664,186.324951171875,0.2562326192855835,217,,
L1+L5_base,5,0.02,0.7,0.6,1,10.577136993408203,10.620795249938965,185.88137817382812,0.25800323486328125,143,,
L1+L5_base,5,0.02,0.7,0.6,3,10.563199996948242,10.628718376159668,186.29721069335938,0.2563433051109314,157,,
L1+L5_base,5,0.02,0.7,0.6,5,10.57339859008789,10.618247032165527,185.94949340820312,0.2577313184738159,155,,
L1+L5_base,5,0.02,0.7,0.6,10,10.570281028747559,10.591368675231934,184.99024963378906,0.26156044006347656,213,,
L1+L5_base,5,0.02,0.7,0.7,1,10.566292762756348,10.57794189453125,185.0776824951172,0.2612113952636719,214,,
L1+L5_base,5,0.02,0.7,0.7,3,10.563931465148926,10.582562446594238,185.31907653808594,0.26024776697158813,155,,
L1+L5_base,5,0.02,0.7,0.7,5,10.56505298614502,10.583544731140137,185.3243408203125,0.2602267861366272,155,,
L1+L5_base,5,0.02,0.7,0.7,10,10.568366050720215,10.56326961517334,184.8279571533203,0.2622082233428955,192,,
L1+L5_base,5,0.02,0.7,0.8,1,10.572135925292969,10.58625316619873,185.59158325195312,0.25916004180908203,158,,
L1+L5_base,5,0.02,0.7,0.8,3,10.552519798278809,10.583353042602539,185.4971923828125,0.2595368027687073,158,,
L1+L5_base,5,0.02,0.7,0.8,5,10.572675704956055,10.581985473632812,185.83328247070312,0.2581952214241028,206,,
L1+L5_base,5,0.02,0.7,0.8,10,10.595014572143555,10.600334167480469,185.93894958496094,0.25777339935302734,155,,
L1+L5_base,5,0.02,0.8,0.6,1,10.560340881347656,10.579895973205566,185.05125427246094,0.2613168954849243,149,,
L1+L5_base,5,0.02,0.8,0.6,3,10.56424617767334,10.580780029296875,185.37022399902344,0.2600436210632324,154,,
L1+L5_base,5,0.02,0.8,0.6,5,10.562828063964844,10.56516170501709,184.71270751953125,0.26266831159591675,198,,
L1+L5_base,5,0.02,0.8,0.6,10,10.562511444091797,10.581295013427734,185.31686401367188,0.26025664806365967,150,,
L1+L5_base,5,0.02,0.8,0.7,1,10.559073448181152,10.591991424560547,185.68075561523438,0.2588040828704834,143,,
L1+L5_base,5,0.02,0.8,0.7,3,10.563298225402832,10.58616828918457,185.65101623535156,0.2589227557182312,143,,
L1+L5_base,5,0.02,0.8,0.7,5,10.5476713180542,10.568177223205566,185.20343017578125,0.2607094645500183,238,,
L1+L5_base,5,0.02,0.8,0.7,10,10.557388305664062,10.602117538452148,185.63331604003906,0.2589934468269348,150,,
L1+L5_base,5,0.02,0.8,0.8,1,10.552865028381348,10.585365295410156,185.35299682617188,0.2601124048233032,204,,
L1+L5_base,5,0.02,0.8,0.8,3,10.569717407226562,10.584803581237793,185.55966186523438,0.25928741693496704,145,,
L1+L5_base,5,0.02,0.8,0.8,5,10.580087661743164,10.593767166137695,185.66265869140625,0.2588762640953064,143,,
L1+L5_base,5,0.02,0.8,0.8,10,10.557982444763184,10.586084365844727,185.16554260253906,0.2608606815338135,207,,
L1+L5_base,5,0.03,0.6,0.6,1,10.634200096130371,10.655220031738281,187.64915466308594,0.25094664096832275,94,,
L1+L5_base,5,0.03,0.6,0.6,3,10.62981128692627,10.640092849731445,187.08189392089844,0.25321102142333984,94,,
L1+L5_base,5,0.03,0.6,0.6,5,10.612846374511719,10.618148803710938,186.6791534423828,0.2548186779022217,120,,
L1+L5_base,5,0.03,0.6,0.6,10,10.586554527282715,10.635700225830078,186.46365356445312,0.2556789517402649,118,,
L1+L5_base,5,0.03,0.6,0.7,1,10.597797393798828,10.610891342163086,186.08926391601562,0.25717341899871826,118,,
L1+L5_base,5,0.03,0.6,0.7,3,10.613862037658691,10.6124906539917,185.9232940673828,0.25783592462539673,118,,
L1+L5_base,5,0.03,0.6,0.7,5,10.588011741638184,10.609116554260254,186.2424774169922,0.256561815738678,118,,
L1+L5_base,5,0.03,0.6,0.7,10,10.607015609741211,10.63412857055664,186.05313110351562,0.2573176622390747,124,,
L1+L5_base,5,0.03,0.6,0.8,1,10.606237411499023,10.632941246032715,186.70538330078125,0.2547140121459961,120,,
L1+L5_base,5,0.03,0.6,0.8,3,10.589855194091797,10.637110710144043,187.10423278808594,0.25312185287475586,120,,
L1+L5_base,5,0.03,0.6,0.8,5,10.607029914855957,10.65980339050293,187.37301635742188,0.25204896926879883,135,,
L1+L5_base,5,0.03,0.6,0.8,10,10.60011100769043,10.652920722961426,187.4132843017578,0.2518881559371948,136,,
L1+L5_base,5,0.03,0.7,0.6,1,10.560826301574707,10.634666442871094,186.42381286621094,0.25583791732788086,114,,
L1+L5_base,5,0.03,0.7,0.6,3,10.555230140686035,10.613978385925293,186.37939453125,0.2560153007507324,134,,
L1+L5_base,5,0.03,0.7,0.6,5,10.570307731628418,10.620671272277832,186.56504821777344,0.2552741765975952,111,,
L1+L5_base,5,0.03,0.7,0.6,10,10.5623197555542,10.611475944519043,186.04656982421875,0.2573438286781311,116,,
L1+L5_base,5,0.03,0.7,0.7,1,10.555912017822266,10.614173889160156,186.45433044433594,0.25571608543395996,142,,
L1+L5_base,5,0.03,0.7,0.7,3,10.544828414916992,10.581597328186035,185.53494262695312,0.2593861222267151,142,,
L1+L5_base,5,0.03,0.7,0.7,5,10.553966522216797,10.601268768310547,185.77346801757812,0.258433997631073,131,,
L1+L5_base,5,0.03,0.7,0.7,10,10.56109619140625,10.613741874694824,186.1799774169922,0.25681132078170776,135,,
L1+L5_base,5,0.03,0.7,0.8,1,10.522656440734863,10.616752624511719,186.27468872070312,0.2564331889152527,135,,
L1+L5_base,5,0.03,0.7,0.8,3,10.529887199401855,10.602378845214844,186.046142578125,0.2573454976081848,140,,
L1+L5_base,5,0.03,0.7,0.8,5,10.539979934692383,10.614725112915039,186.357421875,0.256102979183197,140,,
L1+L5_base,5,0.03,0.7,0.8,10,10.577471733093262,10.597933769226074,185.9263458251953,0.2578237056732178,154,,
L1+L5_base,5,0.03,0.8,0.6,1,10.559975624084473,10.62097454071045,185.96115112304688,0.2576848268508911,144,,
L1+L5_base,5,0.03,0.8,0.6,3,10.586256980895996,10.617498397827148,186.2681121826172,0.25645947456359863,151,,
L1+L5_base,5,0.03,0.8,0.6,5,10.555127143859863,10.623832702636719,186.09774780273438,0.25713956356048584,150,,
L1+L5_base,5,0.03,0.8,0.6,10,10.54623031616211,10.654773712158203,186.85311889648438,0.2541242241859436,231,,
L1+L5_base,5,0.03,0.8,0.7,1,10.561511039733887,10.58729076385498,185.00961303710938,0.2614830732345581,142,,
L1+L5_base,5,0.03,0.8,0.7,3,10.5723237991333,10.596108436584473,185.6422119140625,0.2589579224586487,97,,
L1+L5_base,5,0.03,0.8,0.7,5,10.555842399597168,10.615880966186523,186.1370849609375,0.2569825053215027,142,,
L1+L5_base,5,0.03,0.8,0.7,10,10.563803672790527,10.595871925354004,185.46319580078125,0.25967252254486084,144,,
L1+L5_base,5,0.03,0.8,0.8,1,10.577970504760742,10.61465072631836,186.35858154296875,0.25609833002090454,136,,
L1+L5_base,5,0.03,0.8,0.8,3,10.582103729248047,10.590784072875977,186.18667602539062,0.2567845582962036,144,,
L1+L5_base,5,0.03,0.8,0.8,5,10.585391998291016,10.61819839477539,186.639892578125,0.25497543811798096,144,,
L1+L5_base,5,0.03,0.8,0.8,10,10.608952522277832,10.591900825500488,186.0213165283203,0.2574446201324463,140,,
L1+L5_base,5,0.05,0.6,0.6,1,10.563182830810547,10.618354797363281,186.87493896484375,0.25403714179992676,67,,
L1+L5_base,5,0.05,0.6,0.6,3,10.581099510192871,10.691598892211914,189.57777404785156,0.24324804544448853,117,,
L1+L5_base,5,0.05,0.6,0.6,5,10.592716217041016,10.622580528259277,186.6621856689453,0.2548864483833313,61,,
L1+L5_base,5,0.05,0.6,0.6,10,10.599374771118164,10.627668380737305,186.59744262695312,0.2551448345184326,62,,
L1+L5_base,5,0.05,0.6,0.7,1,10.562816619873047,10.69578742980957,187.81854248046875,0.2502704858779907,93,,
L1+L5_base,5,0.05,0.6,0.7,3,10.595108032226562,10.674588203430176,188.56845092773438,0.24727708101272583,52,,
L1+L5_base,5,0.05,0.6,0.7,5,10.591009140014648,10.6720609664917,187.47918701171875,0.251625120639801,83,,
L1+L5_base,5,0.05,0.6,0.7,10,10.60810661315918,10.654800415039062,186.3743438720703,0.2560354471206665,86,,
L1+L5_base,5,0.05,0.6,0.8,1,10.626476287841797,10.615818977355957,185.90635681152344,0.257903516292572,74,,
L1+L5_base,5,0.05,0.6,0.8,3,10.627464294433594,10.62462329864502,186.29872131347656,0.2563372850418091,74,,
L1+L5_base,5,0.05,0.6,0.8,5,10.629344940185547,10.697179794311523,187.69509887695312,0.2507632374763489,121,,
L1+L5_base,5,0.05,0.6,0.8,10,10.633193969726562,10.630575180053711,185.73931884765625,0.2585703134536743,74,,
L1+L5_base,5,0.05,0.7,0.6,1,10.595513343811035,10.630317687988281,186.6753387451172,0.2548339366912842,86,,
L1+L5_base,5,0.05,0.7,0.6,3,10.571115493774414,10.604660987854004,186.39881896972656,0.25593769550323486,74,,
L1+L5_base,5,0.05,0.7,0.6,5,10.583779335021973,10.603528022766113,185.71005249023438,0.2586871385574341,98,,
L1+L5_base,5,0.05,0.7,0.6,10,10.60848617553711,10.638711929321289,186.68093872070312,0.2548115849494934,54,,
L1+L5_base,5,0.05,0.7,0.7,1,10.584856033325195,10.627367973327637,186.68209838867188,0.2548069357872009,63,,
L1+L5_base,5,0.05,0.7,0.7,3,10.585578918457031,10.624625205993652,186.7827606201172,0.25440514087677,69,,
L1+L5_base,5,0.05,0.7,0.7,5,10.592637062072754,10.678633689880371,187.29388427734375,0.2523648738861084,125,,
L1+L5_base,5,0.05,0.7,0.7,10,10.586344718933105,10.630887031555176,186.46896362304688,0.25565773248672485,96,,
L1+L5_base,5,0.05,0.7,0.8,1,10.572392463684082,10.636844635009766,185.85057067871094,0.2581261992454529,98,,
L1+L5_base,5,0.05,0.7,0.8,3,10.528839111328125,10.678852081298828,187.61761474609375,0.25107258558273315,135,,
L1+L5_base,5,0.05,0.7,0.8,5,10.554926872253418,10.670655250549316,187.12249755859375,0.25304895639419556,109,,
L1+L5_base,5,0.05,0.7,0.8,10,10.583978652954102,10.687851905822754,187.9591522216797,0.24970924854278564,68,,
L1+L5_base,5,0.05,0.8,0.6,1,10.568109512329102,10.618703842163086,186.10537719726562,0.25710904598236084,76,,
L1+L5_base,5,0.05,0.8,0.6,3,10.58707046508789,10.606545448303223,186.23497009277344,0.2565917372703552,76,,
L1+L5_base,5,0.05,0.8,0.6,5,10.588722229003906,10.645269393920898,187.61277770996094,0.2510918378829956,80,,
L1+L5_base,5,0.05,0.8,0.6,10,10.584017753601074,10.61709976196289,186.5166473388672,0.25546735525131226,74,,
L1+L5_base,5,0.05,0.8,0.7,1,10.610833168029785,10.552812576293945,185.1113739013672,0.2610769271850586,77,,
L1+L5_base,5,0.05,0.8,0.7,3,10.578718185424805,10.601656913757324,185.9810791015625,0.2576051950454712,77,,
L1+L5_base,5,0.05,0.8,0.7,5,10.587855339050293,10.59787654876709,185.91336059570312,0.25787556171417236,58,,
L1+L5_base,5,0.05,0.8,0.7,10,10.575268745422363,10.625679016113281,186.564697265625,0.2552756071090698,53,,
L1+L5_base,5,0.05,0.8,0.8,1,10.569037437438965,10.608760833740234,186.3715362548828,0.2560466527938843,76,,
L1+L5_base,5,0.05,0.8,0.8,3,10.559842109680176,10.622146606445312,186.6138458251953,0.25507932901382446,57,,
L1+L5_base,5,0.05,0.8,0.8,5,10.530824661254883,10.578105926513672,185.2786407470703,0.2604091763496399,76,,
L1+L5_base,5,0.05,0.8,0.8,10,10.548277854919434,10.630956649780273,186.91616821289062,0.2538725733757019,83,,
L1+L5_base,6,0.005,0.6,0.6,1,10.576353073120117,10.60043716430664,185.3126220703125,0.2602735757827759,614,,
L1+L5_base,6,0.005,0.6,0.6,3,10.574459075927734,10.589917182922363,185.25672912597656,0.26049667596817017,671,,
L1+L5_base,6,0.005,0.6,0.6,5,10.576204299926758,10.590648651123047,185.29014587402344,0.26036328077316284,668,,
L1+L5_base,6,0.005,0.6,0.6,10,10.580183029174805,10.585245132446289,184.74879455566406,0.26252424716949463,656,,
L1+L5_base,6,0.005,0.6,0.7,1,10.563969612121582,10.610854148864746,185.89532470703125,0.25794756412506104,720,,
L1+L5_base,6,0.005,0.6,0.7,3,10.563777923583984,10.612711906433105,186.00994873046875,0.25748997926712036,743,,
L1+L5_base,6,0.005,0.6,0.7,5,10.558674812316895,10.60018539428711,185.6169891357422,0.2590585947036743,745,,
L1+L5_base,6,0.005,0.6,0.7,10,10.56368637084961,10.597016334533691,185.56015014648438,0.25928550958633423,716,,
L1+L5_base,6,0.005,0.6,0.8,1,10.57258129119873,10.61724853515625,185.9770965576172,0.257621169090271,694,,
L1+L5_base,6,0.005,0.6,0.8,3,10.573808670043945,10.615004539489746,185.82247924804688,0.25823837518692017,694,,
L1+L5_base,6,0.005,0.6,0.8,5,10.555719375610352,10.60726261138916,185.6467742919922,0.2589397430419922,708,,
L1+L5_base,6,0.005,0.6,0.8,10,10.57999324798584,10.637255668640137,186.46864318847656,0.25565898418426514,577,,
L1+L5_base,6,0.005,0.7,0.6,1,10.58090877532959,10.612530708312988,186.0377197265625,0.2573791742324829,630,,
L1+L5_base,6,0.005,0.7,0.6,3,10.575845718383789,10.62150764465332,186.1533203125,0.25691771507263184,630,,
L1+L5_base,6,0.005,0.7,0.6,5,10.579526901245117,10.620491981506348,186.0950469970703,0.2571502923965454,659,,
L1+L5_base,6,0.005,0.7,0.6,10,10.57099723815918,10.606755256652832,185.8654327392578,0.25806689262390137,738,,
L1+L5_base,6,0.005,0.7,0.7,1,10.562981605529785,10.607789039611816,186.10919189453125,0.2570938467979431,722,,
L1+L5_base,6,0.005,0.7,0.7,3,10.55875301361084,10.621295928955078,186.35946655273438,0.2560948133468628,707,,
L1+L5_base,6,0.005,0.7,0.7,5,10.55318546295166,10.628983497619629,186.39358520507812,0.255958616733551,715,,
L1+L5_base,6,0.005,0.7,0.7,10,10.557416915893555,10.5883207321167,185.55148315429688,0.25932008028030396,715,,
L1+L5_base,6,0.005,0.7,0.8,1,10.551514625549316,10.606607437133789,185.9781494140625,0.25761693716049194,738,,
L1+L5_base,6,0.005,0.7,0.8,3,10.547606468200684,10.610904693603516,185.9694061279297,0.25765180587768555,738,,
L1+L5_base,6,0.005,0.7,0.8,5,10.561046600341797,10.62648868560791,186.3435516357422,0.25615835189819336,738,,
L1+L5_base,6,0.005,0.7,0.8,10,10.563194274902344,10.6154146194458,185.72398376464844,0.25863152742385864,767,,
L1+L5_base,6,0.005,0.8,0.6,1,10.561562538146973,10.628684997558594,186.49725341796875,0.2555447816848755,660,,
L1+L5_base,6,0.005,0.8,0.6,3,10.572306632995605,10.633971214294434,186.6399688720703,0.2549750804901123,660,,
L1+L5_base,6,0.005,0.8,0.6,5,10.563261032104492,10.625502586364746,186.41905212402344,0.2558569312095642,667,,
L1+L5_base,6,0.005,0.8,0.6,10,10.568140029907227,10.602241516113281,185.9643096923828,0.25767219066619873,714,,
L1+L5_base,6,0.005,0.8,0.7,1,10.5559720993042,10.622340202331543,186.5487518310547,0.25533920526504517,796,,
L1+L5_base,6,0.005,0.8,0.7,3,10.553571701049805,10.633243560791016,186.65504455566406,0.25491487979888916,685,,
L1+L5_base,6,0.005,0.8,0.7,5,10.553082466125488,10.626267433166504,186.6255645751953,0.25503259897232056,849,,
L1+L5_base,6,0.005,0.8,0.7,10,10.566843032836914,10.601510047912598,186.0426483154297,0.25735944509506226,783,,
L1+L5_base,6,0.005,0.8,0.8,1,10.560381889343262,10.621787071228027,186.59567260742188,0.2551519274711609,771,,
L1+L5_base,6,0.005,0.8,0.8,3,10.5753173828125,10.632845878601074,186.81378173828125,0.25428128242492676,657,,
L1+L5_base,6,0.005,0.8,0.8,5,10.580367088317871,10.625757217407227,186.51185607910156,0.25548648834228516,650,,
L1+L5_base,6,0.005,0.8,0.8,10,10.567949295043945,10.61586856842041,186.5742950439453,0.2552372217178345,803,,
L1+L5_base,6,0.01,0.6,0.6,1,10.566656112670898,10.640326499938965,186.6842498779297,0.25479835271835327,423,,
L1+L5_base,6,0.01,0.6,0.6,3,10.567010879516602,10.626598358154297,186.06910705566406,0.25725388526916504,303,,
L1+L5_base,6,0.01,0.6,0.6,5,10.580973625183105,10.60598373413086,185.66856384277344,0.2588527202606201,474,,
L1+L5_base,6,0.01,0.6,0.6,10,10.574116706848145,10.613568305969238,185.72206115722656,0.25863921642303467,441,,
L1+L5_base,6,0.01,0.6,0.7,1,10.623921394348145,10.653582572937012,186.98025512695312,0.2536167502403259,274,,
L1+L5_base,6,0.01,0.6,0.7,3,10.608902931213379,10.63901424407959,186.49771118164062,0.2555429935455322,298,,
L1+L5_base,6,0.01,0.6,0.7,5,10.5933256149292,10.62040901184082,185.85879516601562,0.25809335708618164,293,,
L1+L5_base,6,0.01,0.6,0.7,10,10.591903686523438,10.59893798828125,185.76356506347656,0.2584735155105591,379,,
L1+L5_base,6,0.01,0.6,0.8,1,10.5864896774292,10.599879264831543,186.12619018554688,0.2570260167121887,397,,
L1+L5_base,6,0.01,0.6,0.8,3,10.576045989990234,10.61080551147461,186.04783630371094,0.2573387622833252,318,,
L1+L5_base,6,0.01,0.6,0.8,5,10.57254695892334,10.635982513427734,186.5387725830078,0.2553790211677551,426,,
L1+L5_base,6,0.01,0.6,0.8,10,10.605605125427246,10.64013671875,186.55108642578125,0.2553299069404602,317,,
L1+L5_base,6,0.01,0.7,0.6,1,10.588074684143066,10.634136199951172,186.676025390625,0.2548311948776245,274,,
L1+L5_base,6,0.01,0.7,0.6,3,10.57751178741455,10.618955612182617,186.39617919921875,0.2559482455253601,338,,
L1+L5_base,6,0.01,0.7,0.6,5,10.582496643066406,10.618364334106445,186.3368377685547,0.2561851143836975,337,,
L1+L5_base,6,0.01,0.7,0.6,10,10.582133293151855,10.612062454223633,186.13818359375,0.2569780945777893,338,,
L1+L5_base,6,0.01,0.7,0.7,1,10.592864036560059,10.62138557434082,186.69927978515625,0.25473833084106445,350,,
L1+L5_base,6,0.01,0.7,0.7,3,10.595293045043945,10.619078636169434,186.577392578125,0.25522488355636597,388,,
L1+L5_base,6,0.01,0.7,0.7,5,10.590356826782227,10.605100631713867,186.3161163330078,0.2562679052352905,393,,
L1+L5_base,6,0.01,0.7,0.7,10,10.58577823638916,10.600255012512207,185.82583618164062,0.2582249045372009,313,,
L1+L5_base,6,0.01,0.7,0.8,1,10.557256698608398,10.636442184448242,187.27903747558594,0.25242412090301514,452,,
L1+L5_base,6,0.01,0.7,0.8,3,10.562431335449219,10.631843566894531,187.0039825439453,0.25352203845977783,385,,
L1+L5_base,6,0.01,0.7,0.8,5,10.587139129638672,10.616549491882324,186.8152618408203,0.2542753219604492,353,,
L1+L5_base,6,0.01,0.7,0.8,10,10.602781295776367,10.615644454956055,185.79957580566406,0.25832974910736084,393,,
L1+L5_base,6,0.01,0.8,0.6,1,10.557073593139648,10.589690208435059,185.62921142578125,0.25900983810424805,344,,
L1+L5_base,6,0.01,0.8,0.6,3,10.556718826293945,10.592985153198242,185.49737548828125,0.25953608751296997,309,,
L1+L5_base,6,0.01,0.8,0.6,5,10.548792839050293,10.60401725769043,185.8126983642578,0.25827735662460327,347,,
L1+L5_base,6,0.01,0.8,0.6,10,10.562529563903809,10.586366653442383,185.70748901367188,0.25869739055633545,344,,
L1+L5_base,6,0.01,0.8,0.7,1,10.576570510864258,10.595788955688477,185.42190551757812,0.25983738899230957,351,,
L1+L5_base,6,0.01,0.8,0.7,3,10.574990272521973,10.637247085571289,186.2811737060547,0.25640732049942017,282,,
L1+L5_base,6,0.01,0.8,0.7,5,10.567846298217773,10.620244026184082,185.81423950195312,0.2582712769508362,349,,
L1+L5_base,6,0.01,0.8,0.7,10,10.573836326599121,10.641144752502441,186.39691162109375,0.2559453248977661,291,,
L1+L5_base,6,0.01,0.8,0.8,1,10.608476638793945,10.629610061645508,186.25701904296875,0.25650376081466675,353,,
L1+L5_base,6,0.01,0.8,0.8,3,10.602585792541504,10.638785362243652,186.49798583984375,0.2555418610572815,390,,
L1+L5_base,6,0.01,0.8,0.8,5,10.591889381408691,10.611773490905762,185.7978515625,0.25833660364151,347,,
L1+L5_base,6,0.01,0.8,0.8,10,10.611947059631348,10.60988712310791,185.8512725830078,0.25812339782714844,353,,
L1+L5_base,6,0.02,0.6,0.6,1,10.594640731811523,10.646495819091797,186.43502807617188,0.2557932138442993,141,,
L1+L5_base,6,0.02,0.6,0.6,3,10.609662055969238,10.61072826385498,185.15939331054688,0.26088523864746094,269,,
L1+L5_base,6,0.02,0.6,0.6,5,10.587174415588379,10.631160736083984,185.7057342529297,0.25870436429977417,215,,
L1+L5_base,6,0.02,0.6,0.6,10,10.622097969055176,10.646071434020996,185.88453674316406,0.25799059867858887,134,,
L1+L5_base,6,0.02,0.6,0.7,1,10.566418647766113,10.678489685058594,187.412109375,0.25189292430877686,138,,
L1+L5_base,6,0.02,0.6,0.7,3,10.577069282531738,10.662546157836914,187.3232421875,0.2522476315498352,127,,
L1+L5_base,6,0.02,0.6,0.7,5,10.546340942382812,10.67604923248291,187.69430541992188,0.25076645612716675,138,,
L1+L5_base,6,0.02,0.6,0.7,10,10.585906982421875,10.652495384216309,186.5706024169922,0.25525200366973877,127,,
L1+L5_base,6,0.02,0.6,0.8,1,10.565658569335938,10.66879653930664,187.703125,0.2507312297821045,192,,
L1+L5_base,6,0.02,0.6,0.8,3,10.585906982421875,10.665556907653809,187.19911193847656,0.252743124961853,140,,
L1+L5_base,6,0.02,0.6,0.8,5,10.560952186584473,10.685836791992188,187.943115234375,0.24977326393127441,142,,
L1+L5_base,6,0.02,0.6,0.8,10,10.593087196350098,10.643500328063965,186.4232177734375,0.25584036111831665,178,,
L1+L5_base,6,0.02,0.7,0.6,1,10.574073791503906,10.642801284790039,186.40826416015625,0.2559000253677368,155,,
L1+L5_base,6,0.02,0.7,0.6,3,10.590166091918945,10.637065887451172,186.221435546875,0.2566457986831665,175,,
L1+L5_base,6,0.02,0.7,0.6,5,10.61390209197998,10.643425941467285,186.68795776367188,0.2547835111618042,146,,
L1+L5_base,6,0.02,0.7,0.6,10,10.583691596984863,10.617341995239258,186.0531463623047,0.25731754302978516,185,,
L1+L5_base,6,0.02,0.7,0.7,1,10.592812538146973,10.634184837341309,186.83787536621094,0.25418514013290405,193,,
L1+L5_base,6,0.02,0.7,0.7,3,10.576628684997559,10.648236274719238,187.2289581298828,0.2526240348815918,196,,
L1+L5_base,6,0.02,0.7,0.7,5,10.599878311157227,10.650772094726562,187.1675567626953,0.2528691291809082,157,,
L1+L5_base,6,0.02,0.7,0.7,10,10.587129592895508,10.633541107177734,186.7577362060547,0.2545050382614136,140,,
L1+L5_base,6,0.02,0.7,0.8,1,10.59815502166748,10.65813159942627,187.14202880859375,0.25297099351882935,155,,
L1+L5_base,6,0.02,0.7,0.8,3,10.586238861083984,10.636987686157227,186.7657012939453,0.2544732093811035,157,,
L1+L5_base,6,0.02,0.7,0.8,5,10.62606430053711,10.638378143310547,186.9080352783203,0.2539050579071045,158,,
L1+L5_base,6,0.02,0.7,0.8,10,10.598258972167969,10.620012283325195,186.40806579589844,0.2559008002281189,158,,
L1+L5_base,6,0.02,0.8,0.6,1,10.556737899780273,10.624826431274414,186.92648315429688,0.2538314461708069,150,,
L1+L5_base,6,0.02,0.8,0.6,3,10.557144165039062,10.619735717773438,186.75936889648438,0.25449854135513306,150,,
L1+L5_base,6,0.02,0.8,0.6,5,10.562857627868652,10.621516227722168,186.62950134277344,0.25501686334609985,150,,
L1+L5_base,6,0.02,0.8,0.6,10,10.545047760009766,10.590768814086914,185.21832275390625,0.26065003871917725,160,,
L1+L5_base,6,0.02,0.8,0.7,1,10.607675552368164,10.63096809387207,186.70945739746094,0.25469768047332764,143,,
L1+L5_base,6,0.02,0.8,0.7,3,10.59405517578125,10.615070343017578,186.53805541992188,0.2553819417953491,156,,
L1+L5_base,6,0.02,0.8,0.7,5,10.572449684143066,10.604387283325195,186.63548278808594,0.2549930214881897,223,,
L1+L5_base,6,0.02,0.8,0.7,10,10.571874618530273,10.61848258972168,186.3285675048828,0.2562181353569031,154,,
L1+L5_base,6,0.02,0.8,0.8,1,10.55411148071289,10.651020050048828,186.72225952148438,0.2546465992927551,170,,
L1+L5_base,6,0.02,0.8,0.8,3,10.554827690124512,10.642637252807617,187.0387725830078,0.25338315963745117,243,,
L1+L5_base,6,0.02,0.8,0.8,5,10.557402610778809,10.641820907592773,186.7750701904297,0.25443577766418457,170,,
L1+L5_base,6,0.02,0.8,0.8,10,10.55433177947998,10.625544548034668,186.36390686035156,0.2560771107673645,168,,
L1+L5_base,6,0.03,0.6,0.6,1,10.617635726928711,10.66547679901123,187.76400756835938,0.2504882216453552,95,,
L1+L5_base,6,0.03,0.6,0.6,3,10.653191566467285,10.677929878234863,187.69781494140625,0.25075238943099976,95,,
L1+L5_base,6,0.03,0.6,0.6,5,10.64444351196289,10.659432411193848,187.348388671875,0.25214725732803345,122,,
L1+L5_base,6,0.03,0.6,0.6,10,10.636219024658203,10.625883102416992,185.6061553955078,0.2591018080711365,117,,
L1+L5_base,6,0.03,0.6,0.7,1,10.607748985290527,10.713315963745117,189.20530700683594,0.24473482370376587,83,,
L1+L5_base,6,0.03,0.6,0.7,3,10.585968017578125,10.67241096496582,188.30702209472656,0.24832063913345337,121,,
L1+L5_base,6,0.03,0.6,0.7,5,10.596231460571289,10.65524673461914,186.85360717773438,0.2541223168373108,121,,
L1+L5_base,6,0.03,0.6,0.7,10,10.58700942993164,10.643152236938477,186.891845703125,0.253969669342041,97,,
L1+L5_base,6,0.03,0.6,0.8,1,10.531513214111328,10.705548286437988,188.964111328125,0.24569767713546753,138,,
L1+L5_base,6,0.03,0.6,0.8,3,10.559198379516602,10.706499099731445,189.56700134277344,0.24329102039337158,95,,
L1+L5_base,6,0.03,0.6,0.8,5,10.553352355957031,10.721874237060547,189.07550048828125,0.24525302648544312,121,,
L1+L5_base,6,0.03,0.6,0.8,10,10.560449600219727,10.663305282592773,187.70858764648438,0.2507094144821167,116,,
L1+L5_base,6,0.03,0.7,0.6,1,10.579425811767578,10.683126449584961,188.32943725585938,0.24823111295700073,91,,
L1+L5_base,6,0.03,0.7,0.6,3,10.561853408813477,10.678535461425781,188.0911102294922,0.24918246269226074,88,,
L1+L5_base,6,0.03,0.7,0.6,5,10.565567016601562,10.631598472595215,187.19285583496094,0.2527680993080139,136,,
L1+L5_base,6,0.03,0.7,0.6,10,10.591157913208008,10.62598991394043,186.12112426757812,0.2570462226867676,99,,
L1+L5_base,6,0.03,0.7,0.7,1,10.583654403686523,10.641544342041016,186.97576904296875,0.2536346912384033,116,,
L1+L5_base,6,0.03,0.7,0.7,3,10.593108177185059,10.663046836853027,187.73318481445312,0.25061118602752686,134,,
L1+L5_base,6,0.03,0.7,0.7,5,10.575299263000488,10.63245677947998,186.96527099609375,0.2536765933036804,120,,
L1+L5_base,6,0.03,0.7,0.7,10,10.562110900878906,10.603513717651367,186.0263214111328,0.25742465257644653,134,,
L1+L5_base,6,0.03,0.7,0.8,1,10.551962852478027,10.651951789855957,187.4420166015625,0.25177353620529175,163,,
L1+L5_base,6,0.03,0.7,0.8,3,10.591390609741211,10.660809516906738,188.0811767578125,0.24922215938568115,141,,
L1+L5_base,6,0.03,0.7,0.8,5,10.592470169067383,10.65182876586914,187.771484375,0.25045835971832275,113,,
L1+L5_base,6,0.03,0.7,0.8,10,10.576207160949707,10.637184143066406,187.16468811035156,0.2528805136680603,113,,
L1+L5_base,6,0.03,0.8,0.6,1,10.589999198913574,10.665390968322754,187.36428833007812,0.25208377838134766,150,,
L1+L5_base,6,0.03,0.8,0.6,3,10.591018676757812,10.671771049499512,187.38490295410156,0.2520015239715576,155,,
L1+L5_base,6,0.03,0.8,0.6,5,10.579631805419922,10.681605339050293,187.76976013183594,0.2504652142524719,149,,
L1+L5_base,6,0.03,0.8,0.6,10,10.582292556762695,10.601373672485352,186.33030700683594,0.25621122121810913,98,,
L1+L5_base,6,0.03,0.8,0.7,1,10.582677841186523,10.634790420532227,186.40589904785156,0.2559095025062561,134,,
L1+L5_base,6,0.03,0.8,0.7,3,10.573728561401367,10.627091407775879,186.44195556640625,0.25576555728912354,97,,
L1+L5_base,6,0.03,0.8,0.7,5,10.591085433959961,10.639874458312988,186.47158813476562,0.2556472420692444,97,,
L1+L5_base,6,0.03,0.8,0.7,10,10.589982032775879,10.617396354675293,185.67877197265625,0.25881195068359375,135,,
L1+L5_base,6,0.03,0.8,0.8,1,10.570840835571289,10.615254402160645,186.32081604003906,0.2562490701675415,122,,
L1+L5_base,6,0.03,0.8,0.8,3,10.589275360107422,10.645476341247559,186.17152404785156,0.25684499740600586,97,,
L1+L5_base,6,0.03,0.8,0.8,5,10.610788345336914,10.651232719421387,186.52288818359375,0.25544244050979614,142,,
L1+L5_base,6,0.03,0.8,0.8,10,10.604486465454102,10.606513023376465,185.71316528320312,0.258674681186676,127,,
L1+L5_base,6,0.05,0.6,0.6,1,10.635082244873047,10.6596097946167,188.83018493652344,0.24623221158981323,75,,
L1+L5_base,6,0.05,0.6,0.6,3,10.640887260437012,10.6984281539917,188.92718505859375,0.24584507942199707,56,,
L1+L5_base,6,0.05,0.6,0.6,5,10.62340259552002,10.695570945739746,187.83848571777344,0.2501909136772156,98,,
L1+L5_base,6,0.05,0.6,0.6,10,10.579047203063965,10.648268699645996,187.45489501953125,0.2517220973968506,74,,
L1+L5_base,6,0.05,0.6,0.7,1,10.611937522888184,10.71934986114502,189.74903869628906,0.2425643801689148,85,,
L1+L5_base,6,0.05,0.6,0.7,3,10.646611213684082,10.702047348022461,188.7677001953125,0.24648165702819824,67,,
L1+L5_base,6,0.05,0.6,0.7,5,10.65758991241455,10.716334342956543,189.9175567626953,0.2418917417526245,79,,
L1+L5_base,6,0.05,0.6,0.7,10,10.634481430053711,10.673782348632812,187.6899871826172,0.25078368186950684,72,,
L1+L5_base,6,0.05,0.6,0.8,1,10.564013481140137,10.753756523132324,190.49961853027344,0.23956823348999023,82,,
L1+L5_base,6,0.05,0.6,0.8,3,10.617237091064453,10.703203201293945,189.06712341308594,0.2452864646911621,82,,
L1+L5_base,6,0.05,0.6,0.8,5,10.621600151062012,10.709948539733887,189.78512573242188,0.24242031574249268,98,,
L1+L5_base,6,0.05,0.6,0.8,10,10.627775192260742,10.744197845458984,189.29234313964844,0.24438738822937012,91,,
L1+L5_base,6,0.05,0.7,0.6,1,10.553366661071777,10.687963485717773,187.9843292236328,0.24960875511169434,69,,
L1+L5_base,6,0.05,0.7,0.6,3,10.585654258728027,10.636384963989258,186.52218627929688,0.25544530153274536,78,,
L1+L5_base,6,0.05,0.7,0.6,5,10.628226280212402,10.645859718322754,187.57081604003906,0.25125938653945923,58,,
L1+L5_base,6,0.05,0.7,0.6,10,10.673114776611328,10.69450855255127,188.82327270507812,0.24625980854034424,41,,
L1+L5_base,6,0.05,0.7,0.7,1,10.631246566772461,10.686545372009277,187.06216430664062,0.25328975915908813,59,,
L1+L5_base,6,0.05,0.7,0.7,3,10.642215728759766,10.638726234436035,186.33460998535156,0.25619399547576904,71,,
L1+L5_base,6,0.05,0.7,0.7,5,10.636356353759766,10.678278923034668,187.52391052246094,0.2514466643333435,81,,
L1+L5_base,6,0.05,0.7,0.7,10,10.611285209655762,10.703341484069824,188.2480926513672,0.24855583906173706,98,,
L1+L5_base,6,0.05,0.7,0.8,1,10.602310180664062,10.658102035522461,187.8795623779297,0.2500268816947937,126,,
L1+L5_base,6,0.05,0.7,0.8,3,10.548666954040527,10.683269500732422,187.2071533203125,0.2527109980583191,63,,
L1+L5_base,6,0.05,0.7,0.8,5,10.557517051696777,10.65652084350586,187.8233642578125,0.25025123357772827,98,,
L1+L5_base,6,0.05,0.7,0.8,10,10.593084335327148,10.698731422424316,187.54949951171875,0.2513444423675537,67,,
L1+L5_base,6,0.05,0.8,0.6,1,10.537128448486328,10.652535438537598,187.8267059326172,0.2502378821372986,71,,
L1+L5_base,6,0.05,0.8,0.6,3,10.570747375488281,10.689718246459961,188.80712890625,0.2463243007659912,51,,
L1+L5_base,6,0.05,0.8,0.6,5,10.553973197937012,10.682609558105469,188.234375,0.24861061573028564,55,,
L1+L5_base,6,0.05,0.8,0.6,10,10.550073623657227,10.659482955932617,187.9625701904297,0.24969559907913208,67,,
L1+L5_base,6,0.05,0.8,0.7,1,10.608901023864746,10.63353443145752,187.5260772705078,0.2514379620552063,88,,
L1+L5_base,6,0.05,0.8,0.7,3,10.646439552307129,10.643447875976562,188.13645935058594,0.24900144338607788,101,,
L1+L5_base,6,0.05,0.8,0.7,5,10.626764297485352,10.645957946777344,187.13980102539062,0.25297993421554565,56,,
L1+L5_base,6,0.05,0.8,0.7,10,10.605838775634766,10.685009956359863,188.5471954345703,0.2473618984222412,85,,
L1+L5_base,6,0.05,0.8,0.8,1,10.558252334594727,10.671964645385742,187.47010803222656,0.25166141986846924,80,,
L1+L5_base,6,0.05,0.8,0.8,3,10.577720642089844,10.626775741577148,187.74703979492188,0.25055593252182007,83,,
L1+L5_base,6,0.05,0.8,0.8,5,10.584805488586426,10.637489318847656,186.3216094970703,0.2562459111213684,74,,
L1+L5_base,6,0.05,0.8,0.8,10,10.565384864807129,10.667129516601562,188.066162109375,0.24928206205368042,90,,
L1+L5_base,3,0.01,0.7,0.7,3,10.541973114013672,10.56729507446289,184.80850219726562,0.2622859477996826,699,0.1,5.0
L1+L5_base,3,0.02,0.7,0.7,3,10.565128326416016,10.565342903137207,184.59548950195312,0.26313620805740356,237,0.1,5.0
L1+L5_base,3,0.03,0.7,0.7,3,10.558941841125488,10.563661575317383,184.24993896484375,0.26451557874679565,224,0.1,5.0
L1+L5_base,4,0.01,0.7,0.7,3,10.565451622009277,10.586215019226074,185.1986541748047,0.26072853803634644,441,0.1,5.0
L1+L5_base,4,0.02,0.7,0.7,3,10.565544128417969,10.574606895446777,184.61322021484375,0.2630653977394104,236,0.1,5.0
L1+L5_base,4,0.03,0.7,0.7,3,10.546490669250488,10.598152160644531,185.14175415039062,0.2609556317329407,162,0.1,5.0
L1+L5_base,5,0.01,0.7,0.7,3,10.554144859313965,10.587273597717285,185.146728515625,0.26093578338623047,380,0.1,5.0
L1+L5_base,5,0.02,0.7,0.7,3,10.571793556213379,10.616205215454102,185.48382568359375,0.25959014892578125,155,0.1,5.0
L1+L5_base,5,0.03,0.7,0.7,3,10.546218872070312,10.623398780822754,186.29660034179688,0.2563457489013672,158,0.1,5.0
L1+L5_base,3,0.01,0.7,0.7,3,10.557026863098145,10.561540603637695,184.60716247558594,0.263089656829834,496,0.5,10.0
L1+L5_base,3,0.02,0.7,0.7,3,10.551090240478516,10.555310249328613,184.41586303710938,0.26385319232940674,411,0.5,10.0
L1+L5_base,3,0.03,0.7,0.7,3,10.55521297454834,10.563032150268555,184.26608276367188,0.26445114612579346,236,0.5,10.0
L1+L5_base,4,0.01,0.7,0.7,3,10.559515953063965,10.587641716003418,185.21817016601562,0.2606505751609802,420,0.5,10.0
L1+L5_base,4,0.02,0.7,0.7,3,10.545536041259766,10.56508731842041,184.33067321777344,0.2641932964324951,235,0.5,10.0
L1+L5_base,4,0.03,0.7,0.7,3,10.558775901794434,10.59713363647461,185.1686553955078,0.2608482837677002,114,0.5,10.0
L1+L5_base,5,0.01,0.7,0.7,3,10.559110641479492,10.59760856628418,185.50503540039062,0.2595055103302002,382,0.5,10.0
L1+L5_base,5,0.02,0.7,0.7,3,10.58125114440918,10.593448638916016,185.08050537109375,0.2612001299858093,223,0.5,10.0
L1+L5_base,5,0.03,0.7,0.7,3,10.54228401184082,10.613215446472168,185.8217010498047,0.2582414746284485,162,0.5,10.0
L1+L5_base,3,0.01,0.7,0.7,3,10.556879043579102,10.564277648925781,184.59637451171875,0.2631326913833618,496,1.0,10.0
L1+L5_base,3,0.02,0.7,0.7,3,10.549980163574219,10.554875373840332,184.31298828125,0.26426392793655396,411,1.0,10.0
L1+L5_base,3,0.03,0.7,0.7,3,10.552811622619629,10.55753231048584,184.1197052001953,0.2650354504585266,227,1.0,10.0
L1+L5_base,4,0.01,0.7,0.7,3,10.553203582763672,10.585636138916016,185.1766357421875,0.26081639528274536,623,1.0,10.0
L1+L5_base,4,0.02,0.7,0.7,3,10.534204483032227,10.568603515625,184.37522888183594,0.26401543617248535,237,1.0,10.0
L1+L5_base,4,0.03,0.7,0.7,3,10.553847312927246,10.594962120056152,184.68458557128906,0.2627805471420288,200,1.0,10.0
L1+L5_base,5,0.01,0.7,0.7,3,10.561718940734863,10.600545883178711,185.633056640625,0.258994460105896,398,1.0,10.0
L1+L5_base,5,0.02,0.7,0.7,3,10.571860313415527,10.575763702392578,184.70428466796875,0.26270192861557007,223,1.0,10.0
L1+L5_base,5,0.03,0.7,0.7,3,10.536051750183105,10.625460624694824,186.45875549316406,0.2556985020637512,162,1.0,10.0
L1+L5_base,3,0.01,0.7,0.7,3,10.55826473236084,10.571943283081055,184.97061157226562,0.2616388201713562,521,0.1,1.0
L1+L5_base,3,0.02,0.7,0.7,3,10.560934066772461,10.568896293640137,184.75433349609375,0.26250213384628296,284,0.1,1.0
L1+L5_base,3,0.03,0.7,0.7,3,10.552123069763184,10.55825424194336,184.28875732421875,0.2643606662750244,281,0.1,1.0
L1+L5_base,4,0.01,0.7,0.7,3,10.564474105834961,10.576552391052246,185.04962158203125,0.2613234519958496,369,0.1,1.0
L1+L5_base,4,0.02,0.7,0.7,3,10.555957794189453,10.579439163208008,184.8016357421875,0.2623133063316345,291,0.1,1.0
L1+L5_base,4,0.03,0.7,0.7,3,10.525517463684082,10.596553802490234,184.59417724609375,0.263141393661499,172,0.1,1.0
L1+L5_base,5,0.01,0.7,0.7,3,10.570889472961426,10.609129905700684,186.18971252441406,0.25677239894866943,352,0.1,1.0
L1+L5_base,5,0.02,0.7,0.7,3,10.559197425842285,10.58658504486084,185.6038360595703,0.25911110639572144,155,0.1,1.0
L1+L5_base,5,0.03,0.7,0.7,3,10.546568870544434,10.600295066833496,185.8364715576172,0.2581825256347656,142,0.1,1.0
L1+L5_base,3,0.01,0.7,0.7,3,10.540428161621094,10.58073616027832,185.21876525878906,0.260648250579834,701,0.01,1.0
L1+L5_base,3,0.02,0.7,0.7,3,10.559216499328613,10.565727233886719,184.76414489746094,0.2624629735946655,284,0.01,1.0
L1+L5_base,3,0.03,0.7,0.7,3,10.55405044555664,10.561666488647461,184.48526000976562,0.2635762095451355,225,0.01,1.0
L1+L5_base,4,0.01,0.7,0.7,3,10.564372062683105,10.586275100708008,185.30152893066406,0.260317862033844,411,0.01,1.0
L1+L5_base,4,0.02,0.7,0.7,3,10.550603866577148,10.594639778137207,185.0860595703125,0.2611779570579529,339,0.01,1.0
L1+L5_base,4,0.03,0.7,0.7,3,10.511358261108398,10.594086647033691,184.56112670898438,0.2632734179496765,172,0.01,1.0
L1+L5_base,5,0.01,0.7,0.7,3,10.569164276123047,10.599353790283203,185.80007934570312,0.25832778215408325,352,0.01,1.0
L1+L5_base,5,0.02,0.7,0.7,3,10.564172744750977,10.583245277404785,185.33811950683594,0.2601718306541443,155,0.01,1.0
L1+L5_base,5,0.03,0.7,0.7,3,10.55097770690918,10.622723579406738,186.44680786132812,0.25574612617492676,155,0.01,1.0
